row,requester,kind,category,ai_label,conf,route
Q1,R0,qa,work_public,P,0.90,audit_pool
Q1,R1,qa,work_public,L,0.95,audit_pool
Q1,R2,qa,work_public,L,0.90,audit_pool
Q1,R3,qa,work_public,B,0.70,adjudicate_1
Q1,R4,qa,work_public,L,0.90,audit_pool
Q2,R0,qa,work_public,P,0.95,audit_pool
Q2,R1,qa,work_public,L,0.90,audit_pool
Q2,R2,qa,work_public,L,0.90,audit_pool
Q2,R3,qa,work_public,P,0.85,audit_pool
Q2,R4,qa,work_public,L,0.85,audit_pool
Q3,R0,qa,work_public,P,0.90,audit_pool
Q3,R1,qa,work_public,L,0.95,audit_pool
Q3,R2,qa,work_public,L,0.90,audit_pool
Q3,R3,qa,work_public,B,0.70,adjudicate_1
Q3,R4,qa,work_public,L,0.85,audit_pool
Q4,R0,qa,work_public,P,0.90,audit_pool
Q4,R1,qa,work_public,L,0.95,audit_pool
Q4,R2,qa,work_public,L,0.85,audit_pool
Q4,R3,qa,work_public,P,0.70,adjudicate_1
Q4,R4,qa,work_public,L,0.90,audit_pool
Q5,R0,qa,work_public,P,0.65,adjudicate_1
Q5,R1,qa,work_public,L,0.95,audit_pool
Q5,R2,qa,work_public,L,0.85,audit_pool
Q5,R3,qa,work_public,B,0.70,adjudicate_1
Q5,R4,qa,work_public,L,0.80,audit_pool
Q6,R0,qa,work_public,P,0.95,audit_pool
Q6,R1,qa,work_public,L,0.80,audit_pool
Q6,R2,qa,work_public,L,0.90,audit_pool
Q6,R3,qa,work_public,P,0.85,audit_pool
Q6,R4,qa,work_public,L,0.90,audit_pool
Q7,R0,qa,work_public,P,0.95,audit_pool
Q7,R1,qa,work_public,L,0.85,audit_pool
Q7,R2,qa,work_public,L,0.85,audit_pool
Q7,R3,qa,work_public,P,0.80,audit_pool
Q7,R4,qa,work_public,L,0.90,audit_pool
Q8,R0,qa,work_public,P,0.95,audit_pool
Q8,R1,qa,work_public,L,0.90,audit_pool
Q8,R2,qa,work_public,L,0.90,audit_pool
Q8,R3,qa,work_public,P,0.75,adjudicate_1
Q8,R4,qa,work_public,L,0.90,audit_pool
Q9,R0,qa,work_public,B,0.55,double_label
Q9,R1,qa,work_public,L,0.95,audit_pool
Q9,R2,qa,work_public,L,0.90,audit_pool
Q9,R3,qa,work_public,B,0.60,adjudicate_1
Q9,R4,qa,work_public,L,0.95,audit_pool
Q10,R0,qa,work_public,P,0.70,adjudicate_1
Q10,R1,qa,work_public,L,0.90,audit_pool
Q10,R2,qa,work_public,L,0.90,audit_pool
Q10,R3,qa,work_public,B,0.65,adjudicate_1
Q10,R4,qa,work_public,L,0.95,audit_pool
Q11,R0,qa,work_public,P,0.95,audit_pool
Q11,R1,qa,work_public,L,0.85,audit_pool
Q11,R2,qa,work_public,L,0.90,audit_pool
Q11,R3,qa,work_public,B,0.70,adjudicate_1
Q11,R4,qa,work_public,L,0.85,audit_pool
Q12,R0,qa,work_public,L,0.70,adjudicate_1
Q12,R1,qa,work_public,L,0.95,audit_pool
Q12,R2,qa,work_public,L,0.90,audit_pool
Q12,R3,qa,work_public,L,0.75,adjudicate_1
Q12,R4,qa,work_public,L,0.90,audit_pool
Q13,R0,qa,work_public,L,0.70,adjudicate_1
Q13,R1,qa,work_public,L,0.95,audit_pool
Q13,R2,qa,work_public,L,0.90,audit_pool
Q13,R3,qa,work_public,L,0.75,adjudicate_1
Q13,R4,qa,work_public,L,0.90,audit_pool
Q14,R0,qa,work_public,P,0.95,audit_pool
Q14,R1,qa,work_public,L,0.80,audit_pool
Q14,R2,qa,work_public,L,0.85,audit_pool
Q14,R3,qa,work_public,P,0.90,audit_pool
Q14,R4,qa,work_public,L,0.75,adjudicate_1
Q15,R0,qa,work_public,P,0.80,audit_pool
Q15,R1,qa,work_public,L,0.90,audit_pool
Q15,R2,qa,work_public,L,0.80,audit_pool
Q15,R3,qa,work_public,B,0.60,adjudicate_1
Q15,R4,qa,work_public,L,0.75,adjudicate_1
Q16,R0,qa,work_public,P,0.95,audit_pool
Q16,R1,qa,work_public,L,0.80,audit_pool
Q16,R2,qa,work_public,L,0.85,audit_pool
Q16,R3,qa,work_public,P,0.75,adjudicate_1
Q16,R4,qa,work_public,L,0.90,audit_pool
Q17,R0,qa,work_public,P,0.90,audit_pool
Q17,R1,qa,work_public,L,0.85,audit_pool
Q17,R2,qa,work_public,L,0.80,audit_pool
Q17,R3,qa,work_public,B,0.70,adjudicate_1
Q17,R4,qa,work_public,L,0.70,adjudicate_1
Q18,R0,qa,work_public,P,0.90,audit_pool
Q18,R1,qa,work_public,L,0.95,audit_pool
Q18,R2,qa,work_public,L,0.80,audit_pool
Q18,R3,qa,work_public,B,0.55,double_label
Q18,R4,qa,work_public,L,0.70,adjudicate_1
Q19,R0,qa,work_public,P,0.90,audit_pool
Q19,R1,qa,work_public,B,0.60,adjudicate_1
Q19,R2,qa,work_public,L,0.90,audit_pool
Q19,R3,qa,work_public,B,0.60,adjudicate_1
Q19,R4,qa,work_public,L,0.90,audit_pool
Q20,R0,qa,work_public,P,0.95,audit_pool
Q20,R1,qa,work_public,B,0.60,adjudicate_1
Q20,R2,qa,work_public,L,0.90,audit_pool
Q20,R3,qa,work_public,P,0.85,audit_pool
Q20,R4,qa,work_public,L,0.90,audit_pool
Q21,R0,qa,work_public,P,0.95,audit_pool
Q21,R1,qa,work_public,B,0.60,adjudicate_1
Q21,R2,qa,work_public,L,0.85,audit_pool
Q21,R3,qa,work_public,P,0.90,audit_pool
Q21,R4,qa,work_public,L,0.95,audit_pool
Q22,R0,qa,work_public,P,0.95,audit_pool
Q22,R1,qa,work_public,L,0.90,audit_pool
Q22,R2,qa,work_public,L,0.90,audit_pool
Q22,R3,qa,work_public,P,0.80,audit_pool
Q22,R4,qa,work_public,L,0.85,audit_pool
Q23,R0,qa,work_public,P,0.90,audit_pool
Q23,R1,qa,work_public,L,0.95,audit_pool
Q23,R2,qa,work_public,L,0.90,audit_pool
Q23,R3,qa,work_public,B,0.70,adjudicate_1
Q23,R4,qa,work_public,L,0.85,audit_pool
Q24,R0,qa,work_public,P,0.90,audit_pool
Q24,R1,qa,work_public,L,0.95,audit_pool
Q24,R2,qa,work_public,L,0.85,audit_pool
Q24,R3,qa,work_public,B,0.70,adjudicate_1
Q24,R4,qa,work_public,L,0.70,adjudicate_1
Q25,R0,qa,work_public,P,0.95,audit_pool
Q25,R1,qa,work_public,L,0.90,audit_pool
Q25,R2,qa,work_public,L,0.85,audit_pool
Q25,R3,qa,work_public,P,0.90,audit_pool
Q25,R4,qa,work_public,L,0.85,audit_pool
Q26,R0,qa,work_public,P,0.95,audit_pool
Q26,R1,qa,work_public,L,0.85,audit_pool
Q26,R2,qa,work_public,L,0.80,audit_pool
Q26,R3,qa,work_public,P,0.85,audit_pool
Q26,R4,qa,work_public,L,0.70,adjudicate_1
Q27,R0,qa,work_public,P,0.90,audit_pool
Q27,R1,qa,work_public,L,0.85,audit_pool
Q27,R2,qa,work_public,L,0.85,audit_pool
Q27,R3,qa,work_public,P,0.80,audit_pool
Q27,R4,qa,work_public,L,0.85,audit_pool
Q28,R0,qa,work_public,P,0.55,double_label
Q28,R1,qa,work_public,L,0.95,audit_pool
Q28,R2,qa,work_public,L,0.95,audit_pool
Q28,R3,qa,work_public,L,0.85,audit_pool
Q28,R4,qa,work_public,L,0.80,audit_pool
Q29,R0,qa,work_public,P,0.65,adjudicate_1
Q29,R1,qa,work_public,L,0.90,audit_pool
Q29,R2,qa,work_public,L,0.90,audit_pool
Q29,R3,qa,work_public,L,0.85,audit_pool
Q29,R4,qa,work_public,L,0.85,audit_pool
Q30,R0,qa,work_public,P,0.60,adjudicate_1
Q30,R1,qa,work_public,L,0.95,audit_pool
Q30,R2,qa,work_public,L,0.95,audit_pool
Q30,R3,qa,work_public,L,0.90,audit_pool
Q30,R4,qa,work_public,L,0.90,audit_pool
Q31,R0,qa,work_public,L,0.90,audit_pool
Q31,R1,qa,work_public,L,0.95,audit_pool
Q31,R2,qa,work_public,L,0.95,audit_pool
Q31,R3,qa,work_public,L,0.95,audit_pool
Q31,R4,qa,work_public,L,0.95,audit_pool
Q32,R0,qa,work_public,L,0.85,audit_pool
Q32,R1,qa,work_public,L,0.95,audit_pool
Q32,R2,qa,work_public,L,0.95,audit_pool
Q32,R3,qa,work_public,L,0.90,audit_pool
Q32,R4,qa,work_public,L,0.90,audit_pool
Q33,R0,qa,work_public,P,0.75,adjudicate_1
Q33,R1,qa,work_public,L,0.85,audit_pool
Q33,R2,qa,work_public,L,0.80,audit_pool
Q33,R3,qa,work_public,P,0.55,double_label
Q33,R4,qa,work_public,L,0.80,audit_pool
Q34,R0,qa,work_public,L,0.85,audit_pool
Q34,R1,qa,work_public,L,0.95,audit_pool
Q34,R2,qa,work_public,L,0.95,audit_pool
Q34,R3,qa,work_public,L,0.90,audit_pool
Q34,R4,qa,work_public,L,0.95,audit_pool
Q35,R0,qa,work_public,P,0.90,audit_pool
Q35,R1,qa,work_public,B,0.55,double_label
Q35,R2,qa,work_public,L,0.75,adjudicate_1
Q35,R3,qa,work_public,P,0.80,audit_pool
Q35,R4,qa,work_public,B,0.50,double_label
Q36,R0,qa,work_public,P,0.95,audit_pool
Q36,R1,qa,work_public,P,0.65,adjudicate_1
Q36,R2,qa,work_public,L,0.85,audit_pool
Q36,R3,qa,work_public,P,0.75,adjudicate_1
Q36,R4,qa,work_public,L,0.90,audit_pool
Q37,R0,qa,work_public,P,0.90,audit_pool
Q37,R1,qa,work_public,L,0.90,audit_pool
Q37,R2,qa,work_public,L,0.90,audit_pool
Q37,R3,qa,work_public,B,0.70,adjudicate_1
Q37,R4,qa,work_public,L,0.80,audit_pool
Q38,R0,qa,work_public,P,0.60,adjudicate_1
Q38,R1,qa,work_public,L,0.90,audit_pool
Q38,R2,qa,work_public,L,0.90,audit_pool
Q38,R3,qa,work_public,L,0.65,adjudicate_1
Q38,R4,qa,work_public,L,0.70,adjudicate_1
Q39,R0,qa,work_public,P,0.80,audit_pool
Q39,R1,qa,work_public,L,0.90,audit_pool
Q39,R2,qa,work_public,L,0.90,audit_pool
Q39,R3,qa,work_public,P,0.75,adjudicate_1
Q39,R4,qa,work_public,L,0.90,audit_pool
Q40,R0,qa,work_public,P,0.95,audit_pool
Q40,R1,qa,work_public,L,0.85,audit_pool
Q40,R2,qa,work_public,L,0.90,audit_pool
Q40,R3,qa,work_public,P,0.85,audit_pool
Q40,R4,qa,work_public,L,0.90,audit_pool
Q41,R0,qa,work_public,P,0.95,audit_pool
Q41,R1,qa,work_public,L,0.85,audit_pool
Q41,R2,qa,work_public,L,0.85,audit_pool
Q41,R3,qa,work_public,P,0.90,audit_pool
Q41,R4,qa,work_public,L,0.95,audit_pool
Q42,R0,qa,work_public,P,0.90,audit_pool
Q42,R1,qa,work_public,L,0.85,audit_pool
Q42,R2,qa,work_public,L,0.85,audit_pool
Q42,R3,qa,work_public,P,0.75,adjudicate_1
Q42,R4,qa,work_public,L,0.90,audit_pool
Q43,R0,qa,work_public,P,0.85,audit_pool
Q43,R1,qa,work_public,L,0.85,audit_pool
Q43,R2,qa,work_public,L,0.85,audit_pool
Q43,R3,qa,work_public,B,0.70,adjudicate_1
Q43,R4,qa,work_public,L,0.90,audit_pool
Q44,R0,qa,work_public,P,0.95,audit_pool
Q44,R1,qa,work_public,L,0.75,adjudicate_1
Q44,R2,qa,work_public,L,0.85,audit_pool
Q44,R3,qa,work_public,P,0.80,audit_pool
Q44,R4,qa,work_public,L,0.90,audit_pool
Q45,R0,qa,work_public,P,0.60,adjudicate_1
Q45,R1,qa,work_public,L,0.90,audit_pool
Q45,R2,qa,work_public,L,0.85,audit_pool
Q45,R3,qa,work_public,L,0.75,adjudicate_1
Q45,R4,qa,work_public,L,0.80,audit_pool
Q46,R0,qa,work_public,P,0.60,adjudicate_1
Q46,R1,qa,work_public,L,0.90,audit_pool
Q46,R2,qa,work_public,L,0.90,audit_pool
Q46,R3,qa,work_public,L,0.85,audit_pool
Q46,R4,qa,work_public,L,0.80,audit_pool
Q47,R0,qa,work_public,L,0.85,audit_pool
Q47,R1,qa,work_public,L,0.95,audit_pool
Q47,R2,qa,work_public,L,0.90,audit_pool
Q47,R3,qa,work_public,L,0.90,audit_pool
Q47,R4,qa,work_public,L,0.95,audit_pool
Q48,R0,qa,work_public,P,0.90,audit_pool
Q48,R1,qa,work_public,L,0.90,audit_pool
Q48,R2,qa,work_public,L,0.90,audit_pool
Q48,R3,qa,work_public,B,0.65,adjudicate_1
Q48,R4,qa,work_public,L,0.90,audit_pool
Q49,R0,qa,work_public,P,0.65,adjudicate_1
Q49,R1,qa,work_public,L,0.90,audit_pool
Q49,R2,qa,work_public,L,0.80,audit_pool
Q49,R3,qa,work_public,B,0.70,adjudicate_1
Q49,R4,qa,work_public,L,0.70,adjudicate_1
Q50,R0,qa,work_public,P,0.90,audit_pool
Q50,R1,qa,work_public,L,0.85,audit_pool
Q50,R2,qa,work_public,L,0.80,audit_pool
Q50,R3,qa,work_public,P,0.80,audit_pool
Q50,R4,qa,work_public,L,0.65,adjudicate_1
Q51,R0,qa,work_public,P,0.90,audit_pool
Q51,R1,qa,work_public,L,0.85,audit_pool
Q51,R2,qa,work_public,L,0.85,audit_pool
Q51,R3,qa,work_public,P,0.80,audit_pool
Q51,R4,qa,work_public,L,0.80,audit_pool
Q52,R0,qa,work_public,P,0.98,audit_pool
Q52,R1,qa,work_public,L,0.70,adjudicate_1
Q52,R2,qa,work_public,L,0.85,audit_pool
Q52,R3,qa,work_public,P,0.90,audit_pool
Q52,R4,qa,work_public,L,0.75,adjudicate_1
Q53,R0,qa,work_public,P,0.95,audit_pool
Q53,R1,qa,work_public,L,0.85,audit_pool
Q53,R2,qa,work_public,L,0.75,adjudicate_1
Q53,R3,qa,work_public,P,0.75,adjudicate_1
Q53,R4,qa,work_public,L,0.70,adjudicate_1
Q54,R0,qa,work_public,P,0.60,adjudicate_1
Q54,R1,qa,work_public,L,0.90,audit_pool
Q54,R2,qa,work_public,L,0.90,audit_pool
Q54,R3,qa,work_public,P,0.60,adjudicate_1
Q54,R4,qa,work_public,L,0.85,audit_pool
Q55,R0,qa,work_public,P,0.85,audit_pool
Q55,R1,qa,work_public,L,0.90,audit_pool
Q55,R2,qa,work_public,L,0.80,audit_pool
Q55,R3,qa,work_public,B,0.70,adjudicate_1
Q55,R4,qa,work_public,L,0.75,adjudicate_1
Q56,R0,qa,work_public,P,0.70,adjudicate_1
Q56,R1,qa,work_public,L,0.90,audit_pool
Q56,R2,qa,work_public,L,0.85,audit_pool
Q56,R3,qa,work_public,B,0.60,adjudicate_1
Q56,R4,qa,work_public,L,0.75,adjudicate_1
Q57,R0,qa,work_public,P,0.85,audit_pool
Q57,R1,qa,work_public,L,0.90,audit_pool
Q57,R2,qa,work_public,L,0.85,audit_pool
Q57,R3,qa,work_public,B,0.60,adjudicate_1
Q57,R4,qa,work_public,L,0.75,adjudicate_1
Q58,R0,qa,work_public,P,0.95,audit_pool
Q58,R1,qa,work_public,L,0.90,audit_pool
Q58,R2,qa,work_public,L,0.90,audit_pool
Q58,R3,qa,work_public,P,0.85,audit_pool
Q58,R4,qa,work_public,L,0.70,adjudicate_1
Q59,R0,qa,work_public,P,0.95,audit_pool
Q59,R1,qa,work_public,L,0.80,audit_pool
Q59,R2,qa,work_public,L,0.75,adjudicate_1
Q59,R3,qa,work_public,P,0.85,audit_pool
Q59,R4,qa,work_public,L,0.70,adjudicate_1
Q60,R0,qa,work_public,P,0.85,audit_pool
Q60,R1,qa,work_public,L,0.90,audit_pool
Q60,R2,qa,work_public,L,0.80,audit_pool
Q60,R3,qa,work_public,P,0.65,adjudicate_1
Q60,R4,qa,work_public,L,0.70,adjudicate_1
Q61,R0,qa,work_public,P,0.60,adjudicate_1
Q61,R1,qa,work_public,L,0.90,audit_pool
Q61,R2,qa,work_public,L,0.85,audit_pool
Q61,R3,qa,work_public,B,0.65,adjudicate_1
Q61,R4,qa,work_public,L,0.90,audit_pool
Q62,R0,qa,work_public,P,0.95,audit_pool
Q62,R1,qa,work_public,L,0.70,adjudicate_1
Q62,R2,qa,work_public,L,0.85,audit_pool
Q62,R3,qa,work_public,P,0.80,audit_pool
Q62,R4,qa,work_public,L,0.90,audit_pool
Q63,R0,qa,work_public,P,0.90,audit_pool
Q63,R1,qa,work_public,L,0.85,audit_pool
Q63,R2,qa,work_public,L,0.85,audit_pool
Q63,R3,qa,work_public,P,0.60,adjudicate_1
Q63,R4,qa,work_public,L,0.85,audit_pool
Q64,R0,qa,work_public,P,0.90,audit_pool
Q64,R1,qa,work_public,L,0.90,audit_pool
Q64,R2,qa,work_public,L,0.85,audit_pool
Q64,R3,qa,work_public,B,0.60,adjudicate_1
Q64,R4,qa,work_public,L,0.90,audit_pool
Q65,R0,qa,work_public,P,0.80,audit_pool
Q65,R1,qa,work_public,L,0.90,audit_pool
Q65,R2,qa,work_public,L,0.85,audit_pool
Q65,R3,qa,work_public,B,0.60,adjudicate_1
Q65,R4,qa,work_public,L,0.80,audit_pool
Q66,R0,qa,work_public,P,0.95,audit_pool
Q66,R1,qa,work_public,L,0.85,audit_pool
Q66,R2,qa,work_public,L,0.90,audit_pool
Q66,R3,qa,work_public,P,0.85,audit_pool
Q66,R4,qa,work_public,L,0.85,audit_pool
Q67,R0,qa,work_public,P,0.90,audit_pool
Q67,R1,qa,work_public,L,0.90,audit_pool
Q67,R2,qa,work_public,L,0.85,audit_pool
Q67,R3,qa,work_public,B,0.60,adjudicate_1
Q67,R4,qa,work_public,L,0.90,audit_pool
Q68,R0,qa,work_public,P,0.90,audit_pool
Q68,R1,qa,work_public,L,0.85,audit_pool
Q68,R2,qa,work_public,L,0.85,audit_pool
Q68,R3,qa,work_public,B,0.65,adjudicate_1
Q68,R4,qa,work_public,L,0.90,audit_pool
Q69,R0,qa,work_public,P,0.90,audit_pool
Q69,R1,qa,work_public,L,0.85,audit_pool
Q69,R2,qa,work_public,L,0.85,audit_pool
Q69,R3,qa,work_public,B,0.65,adjudicate_1
Q69,R4,qa,work_public,L,0.75,adjudicate_1
Q70,R0,qa,work_public,P,0.90,audit_pool
Q70,R1,qa,work_public,L,0.95,audit_pool
Q70,R2,qa,work_public,L,0.85,audit_pool
Q70,R3,qa,work_public,B,0.70,adjudicate_1
Q70,R4,qa,work_public,L,0.70,adjudicate_1
Q71,R0,qa,work_public,P,0.75,adjudicate_1
Q71,R1,qa,work_public,L,0.90,audit_pool
Q71,R2,qa,work_public,L,0.85,audit_pool
Q71,R3,qa,work_public,B,0.70,adjudicate_1
Q71,R4,qa,work_public,L,0.75,adjudicate_1
Q72,R0,qa,work_public,P,0.60,adjudicate_1
Q72,R1,qa,work_public,L,0.85,audit_pool
Q72,R2,qa,work_public,L,0.85,audit_pool
Q72,R3,qa,work_public,B,0.65,adjudicate_1
Q72,R4,qa,work_public,L,0.80,audit_pool
Q73,R0,qa,work_public,P,0.85,audit_pool
Q73,R1,qa,work_public,L,0.80,audit_pool
Q73,R2,qa,work_public,L,0.85,audit_pool
Q73,R3,qa,work_public,P,0.65,adjudicate_1
Q73,R4,qa,work_public,L,0.80,audit_pool
Q74,R0,qa,work_public,P,0.90,audit_pool
Q74,R1,qa,work_public,L,0.85,audit_pool
Q74,R2,qa,work_public,L,0.80,audit_pool
Q74,R3,qa,work_public,B,0.60,adjudicate_1
Q74,R4,qa,work_public,L,0.80,audit_pool
Q75,R0,qa,work_public,P,0.60,adjudicate_1
Q75,R1,qa,work_public,L,0.90,audit_pool
Q75,R2,qa,work_public,L,0.90,audit_pool
Q75,R3,qa,work_public,B,0.60,adjudicate_1
Q75,R4,qa,work_public,L,0.90,audit_pool
Q76,R0,qa,work_public,P,0.90,audit_pool
Q76,R1,qa,work_public,L,0.65,adjudicate_1
Q76,R2,qa,work_public,L,0.85,audit_pool
Q76,R3,qa,work_public,P,0.60,adjudicate_1
Q76,R4,qa,work_public,L,0.85,audit_pool
Q77,R0,qa,work_public,P,0.95,audit_pool
Q77,R1,qa,work_public,L,0.95,audit_pool
Q77,R2,qa,work_public,L,0.80,audit_pool
Q77,R3,qa,work_public,P,0.75,adjudicate_1
Q77,R4,qa,work_public,L,0.85,audit_pool
Q78,R0,qa,work_public,P,0.90,audit_pool
Q78,R1,qa,work_public,L,0.90,audit_pool
Q78,R2,qa,work_public,L,0.85,audit_pool
Q78,R3,qa,work_public,B,0.65,adjudicate_1
Q78,R4,qa,work_public,L,0.80,audit_pool
Q79,R0,qa,work_public,P,0.90,audit_pool
Q79,R1,qa,work_public,L,0.90,audit_pool
Q79,R2,qa,work_public,L,0.90,audit_pool
Q79,R3,qa,work_public,B,0.65,adjudicate_1
Q79,R4,qa,work_public,L,0.85,audit_pool
Q80,R0,qa,work_public,P,0.95,audit_pool
Q80,R1,qa,work_public,L,0.90,audit_pool
Q80,R2,qa,work_public,L,0.90,audit_pool
Q80,R3,qa,work_public,P,0.80,audit_pool
Q80,R4,qa,work_public,L,0.85,audit_pool
Q81,R0,qa,work_public,P,0.90,audit_pool
Q81,R1,qa,work_public,L,0.85,audit_pool
Q81,R2,qa,work_public,L,0.85,audit_pool
Q81,R3,qa,work_public,P,0.70,adjudicate_1
Q81,R4,qa,work_public,L,0.75,adjudicate_1
Q82,R0,qa,work_public,P,0.95,audit_pool
Q82,R1,qa,work_public,L,0.90,audit_pool
Q82,R2,qa,work_public,L,0.90,audit_pool
Q82,R3,qa,work_public,P,0.70,adjudicate_1
Q82,R4,qa,work_public,L,0.70,adjudicate_1
Q83,R0,qa,work_public,P,0.90,audit_pool
Q83,R1,qa,work_public,L,0.95,audit_pool
Q83,R2,qa,work_public,L,0.90,audit_pool
Q83,R3,qa,work_public,B,0.60,adjudicate_1
Q83,R4,qa,work_public,L,0.65,adjudicate_1
Q84,R0,qa,work_public,P,0.70,adjudicate_1
Q84,R1,qa,work_public,L,0.90,audit_pool
Q84,R2,qa,work_public,L,0.85,audit_pool
Q84,R3,qa,work_public,B,0.60,adjudicate_1
Q84,R4,qa,work_public,L,0.85,audit_pool
Q85,R0,qa,work_public,P,0.85,audit_pool
Q85,R1,qa,work_public,L,0.90,audit_pool
Q85,R2,qa,work_public,L,0.90,audit_pool
Q85,R3,qa,work_public,B,0.70,adjudicate_1
Q85,R4,qa,work_public,L,0.85,audit_pool
Q86,R0,qa,work_public,P,0.85,audit_pool
Q86,R1,qa,work_public,L,0.90,audit_pool
Q86,R2,qa,work_public,L,0.85,audit_pool
Q86,R3,qa,work_public,B,0.65,adjudicate_1
Q86,R4,qa,work_public,L,0.80,audit_pool
Q87,R0,qa,work_public,P,0.70,adjudicate_1
Q87,R1,qa,work_public,L,0.90,audit_pool
Q87,R2,qa,work_public,L,0.85,audit_pool
Q87,R3,qa,work_public,B,0.60,adjudicate_1
Q87,R4,qa,work_public,L,0.85,audit_pool
Q88,R0,qa,work_public,L,0.60,adjudicate_1
Q88,R1,qa,work_public,L,0.95,audit_pool
Q88,R2,qa,work_public,L,0.90,audit_pool
Q88,R3,qa,work_public,L,0.80,audit_pool
Q88,R4,qa,work_public,L,0.85,audit_pool
Q89,R0,qa,work_public,P,0.80,audit_pool
Q89,R1,qa,work_public,L,0.90,audit_pool
Q89,R2,qa,work_public,L,0.90,audit_pool
Q89,R3,qa,work_public,B,0.70,adjudicate_1
Q89,R4,qa,work_public,L,0.85,audit_pool
Q90,R0,qa,work_public,L,0.80,audit_pool
Q90,R1,qa,work_public,L,0.95,audit_pool
Q90,R2,qa,work_public,L,0.95,audit_pool
Q90,R3,qa,work_public,L,0.90,audit_pool
Q90,R4,qa,work_public,L,0.90,audit_pool
Q91,R0,qa,work_public,P,0.80,audit_pool
Q91,R1,qa,work_public,L,0.90,audit_pool
Q91,R2,qa,work_public,L,0.85,audit_pool
Q91,R3,qa,work_public,B,0.65,adjudicate_1
Q91,R4,qa,work_public,L,0.75,adjudicate_1
Q92,R0,qa,work_public,P,0.80,audit_pool
Q92,R1,qa,work_public,L,0.90,audit_pool
Q92,R2,qa,work_public,L,0.85,audit_pool
Q92,R3,qa,work_public,B,0.65,adjudicate_1
Q92,R4,qa,work_public,L,0.75,adjudicate_1
Q93,R0,qa,work_public,P,0.80,audit_pool
Q93,R1,qa,work_public,L,0.90,audit_pool
Q93,R2,qa,work_public,L,0.90,audit_pool
Q93,R3,qa,work_public,B,0.65,adjudicate_1
Q93,R4,qa,work_public,L,0.75,adjudicate_1
Q94,R0,qa,work_public,P,0.95,audit_pool
Q94,R1,qa,work_public,L,0.85,audit_pool
Q94,R2,qa,work_public,L,0.85,audit_pool
Q94,R3,qa,work_public,P,0.80,audit_pool
Q94,R4,qa,work_public,L,0.70,adjudicate_1
Q95,R0,qa,work_public,P,0.60,adjudicate_1
Q95,R1,qa,work_public,L,0.85,audit_pool
Q95,R2,qa,work_public,L,0.85,audit_pool
Q95,R3,qa,work_public,P,0.65,adjudicate_1
Q95,R4,qa,work_public,L,0.80,audit_pool
Q96,R0,qa,work_public,P,0.90,audit_pool
Q96,R1,qa,work_public,L,0.90,audit_pool
Q96,R2,qa,work_public,L,0.85,audit_pool
Q96,R3,qa,work_public,B,0.70,adjudicate_1
Q96,R4,qa,work_public,L,0.80,audit_pool
Q97,R0,qa,work_public,P,0.98,audit_pool
Q97,R1,qa,work_public,L,0.80,audit_pool
Q97,R2,qa,work_public,L,0.90,audit_pool
Q97,R3,qa,work_public,P,0.95,audit_pool
Q97,R4,qa,work_public,L,0.95,audit_pool
Q98,R0,qa,work_public,P,0.95,audit_pool
Q98,R1,qa,work_public,L,0.85,audit_pool
Q98,R2,qa,work_public,L,0.85,audit_pool
Q98,R3,qa,work_public,P,0.80,audit_pool
Q98,R4,qa,work_public,L,0.90,audit_pool
Q99,R0,qa,work_public,P,0.90,audit_pool
Q99,R1,qa,work_public,L,0.80,audit_pool
Q99,R2,qa,work_public,L,0.85,audit_pool
Q99,R3,qa,work_public,P,0.70,adjudicate_1
Q99,R4,qa,work_public,L,0.85,audit_pool
Q100,R0,qa,work_public,L,0.85,audit_pool
Q100,R1,qa,work_public,L,0.95,audit_pool
Q100,R2,qa,work_public,L,0.95,audit_pool
Q100,R3,qa,work_public,L,0.90,audit_pool
Q100,R4,qa,work_public,L,0.95,audit_pool
Q125,R0,qa,work_public,P,0.90,audit_pool
Q125,R1,qa,work_public,L,0.70,adjudicate_1
Q125,R2,qa,work_public,L,0.90,audit_pool
Q125,R3,qa,work_public,B,0.65,adjudicate_1
Q125,R4,qa,work_public,L,0.95,audit_pool
Q201,R0,qa,work_public,P,0.95,audit_pool
Q201,R1,qa,work_public,B,0.55,double_label
Q201,R2,qa,work_public,L,0.95,audit_pool
Q201,R3,qa,work_public,P,0.85,audit_pool
Q201,R4,qa,work_public,L,0.90,audit_pool
Q202,R0,qa,work_public,P,0.95,audit_pool
Q202,R1,qa,work_public,L,0.75,adjudicate_1
Q202,R2,qa,work_public,L,0.85,audit_pool
Q202,R3,qa,work_public,P,0.90,audit_pool
Q202,R4,qa,work_public,L,0.90,audit_pool
Q203,R0,qa,work_public,P,0.90,audit_pool
Q203,R1,qa,work_public,L,0.85,audit_pool
Q203,R2,qa,work_public,L,0.80,audit_pool
Q203,R3,qa,work_public,P,0.80,audit_pool
Q203,R4,qa,work_public,L,0.70,adjudicate_1
Q204,R0,qa,work_public,P,0.95,audit_pool
Q204,R1,qa,work_public,L,0.85,audit_pool
Q204,R2,qa,work_public,L,0.85,audit_pool
Q204,R3,qa,work_public,P,0.85,audit_pool
Q204,R4,qa,work_public,L,0.70,adjudicate_1
Q205,R0,qa,work_public,P,0.90,audit_pool
Q205,R1,qa,work_public,L,0.90,audit_pool
Q205,R2,qa,work_public,L,0.80,audit_pool
Q205,R3,qa,work_public,B,0.70,adjudicate_1
Q205,R4,qa,work_public,L,0.70,adjudicate_1
Q206,R0,qa,work_public,P,0.90,audit_pool
Q206,R1,qa,work_public,L,0.90,audit_pool
Q206,R2,qa,work_public,L,0.85,audit_pool
Q206,R3,qa,work_public,P,0.70,adjudicate_1
Q206,R4,qa,work_public,L,0.80,audit_pool
Q207,R0,qa,work_public,P,0.90,audit_pool
Q207,R1,qa,work_public,L,0.90,audit_pool
Q207,R2,qa,work_public,L,0.80,audit_pool
Q207,R3,qa,work_public,B,0.70,adjudicate_1
Q207,R4,qa,work_public,L,0.70,adjudicate_1
Q208,R0,qa,work_public,P,0.60,adjudicate_1
Q208,R1,qa,work_public,L,0.90,audit_pool
Q208,R2,qa,work_public,L,0.90,audit_pool
Q208,R3,qa,work_public,L,0.85,audit_pool
Q208,R4,qa,work_public,L,0.80,audit_pool
Q209,R0,qa,work_public,P,0.95,audit_pool
Q209,R1,qa,work_public,L,0.80,audit_pool
Q209,R2,qa,work_public,L,0.85,audit_pool
Q209,R3,qa,work_public,P,0.85,audit_pool
Q209,R4,qa,work_public,L,0.80,audit_pool
Q210,R0,qa,work_public,P,0.85,audit_pool
Q210,R1,qa,work_public,L,0.95,audit_pool
Q210,R2,qa,work_public,L,0.90,audit_pool
Q210,R3,qa,work_public,B,0.65,adjudicate_1
Q210,R4,qa,work_public,L,0.85,audit_pool
Q211,R0,qa,work_public,P,0.70,adjudicate_1
Q211,R1,qa,work_public,L,0.85,audit_pool
Q211,R2,qa,work_public,L,0.85,audit_pool
Q211,R3,qa,work_public,B,0.70,adjudicate_1
Q211,R4,qa,work_public,L,0.80,audit_pool
Q212,R0,qa,work_public,P,0.90,audit_pool
Q212,R1,qa,work_public,L,0.95,audit_pool
Q212,R2,qa,work_public,L,0.90,audit_pool
Q212,R3,qa,work_public,B,0.65,adjudicate_1
Q212,R4,qa,work_public,L,0.85,audit_pool
Q213,R0,qa,work_public,P,0.90,audit_pool
Q213,R1,qa,work_public,L,0.80,audit_pool
Q213,R2,qa,work_public,L,0.80,audit_pool
Q213,R3,qa,work_public,P,0.70,adjudicate_1
Q213,R4,qa,work_public,L,0.75,adjudicate_1
Q214,R0,qa,sensitive_work,P,0.95,audit_pool
Q214,R1,qa,sensitive_work,P,0.60,adjudicate_1
Q214,R2,qa,sensitive_work,L,0.80,audit_pool
Q214,R3,qa,sensitive_work,P,0.90,audit_pool
Q214,R4,qa,sensitive_work,L,0.80,audit_pool
Q215,R0,qa,work_public,P,0.70,adjudicate_1
Q215,R1,qa,work_public,L,0.85,audit_pool
Q215,R2,qa,work_public,L,0.85,audit_pool
Q215,R3,qa,work_public,B,0.65,adjudicate_1
Q215,R4,qa,work_public,L,0.85,audit_pool
Q216,R0,qa,work_public,P,0.85,audit_pool
Q216,R1,qa,work_public,L,0.90,audit_pool
Q216,R2,qa,work_public,L,0.85,audit_pool
Q216,R3,qa,work_public,P,0.70,adjudicate_1
Q216,R4,qa,work_public,L,0.90,audit_pool
Q217,R0,qa,work_public,L,0.60,adjudicate_1
Q217,R1,qa,work_public,L,0.95,audit_pool
Q217,R2,qa,work_public,L,0.90,audit_pool
Q217,R3,qa,work_public,L,0.70,adjudicate_1
Q217,R4,qa,work_public,L,0.85,audit_pool
Q218,R0,qa,work_public,P,0.95,audit_pool
Q218,R1,qa,work_public,L,0.90,audit_pool
Q218,R2,qa,work_public,L,0.85,audit_pool
Q218,R3,qa,work_public,B,0.60,adjudicate_1
Q218,R4,qa,work_public,L,0.75,adjudicate_1
Q219,R0,qa,work_public,P,0.85,audit_pool
Q219,R1,qa,work_public,L,0.85,audit_pool
Q219,R2,qa,work_public,L,0.90,audit_pool
Q219,R3,qa,work_public,B,0.70,adjudicate_1
Q219,R4,qa,work_public,L,0.75,adjudicate_1
Q220,R0,qa,work_public,P,0.70,adjudicate_1
Q220,R1,qa,work_public,L,0.90,audit_pool
Q220,R2,qa,work_public,L,0.90,audit_pool
Q220,R3,qa,work_public,L,0.85,audit_pool
Q220,R4,qa,work_public,L,0.80,audit_pool
Q221,R0,qa,work_public,B,0.55,double_label
Q221,R1,qa,work_public,L,0.90,audit_pool
Q221,R2,qa,work_public,L,0.85,audit_pool
Q221,R3,qa,work_public,L,0.70,adjudicate_1
Q221,R4,qa,work_public,L,0.90,audit_pool
Q222,R0,qa,work_public,P,0.80,audit_pool
Q222,R1,qa,work_public,L,0.90,audit_pool
Q222,R2,qa,work_public,L,0.90,audit_pool
Q222,R3,qa,work_public,B,0.70,adjudicate_1
Q222,R4,qa,work_public,L,0.80,audit_pool
Q223,R0,qa,work_public,P,0.90,audit_pool
Q223,R1,qa,work_public,L,0.85,audit_pool
Q223,R2,qa,work_public,L,0.85,audit_pool
Q223,R3,qa,work_public,P,0.70,adjudicate_1
Q223,R4,qa,work_public,L,0.70,adjudicate_1
Q224,R0,qa,work_public,L,0.60,adjudicate_1
Q224,R1,qa,work_public,L,0.95,audit_pool
Q224,R2,qa,work_public,L,0.90,audit_pool
Q224,R3,qa,work_public,L,0.75,adjudicate_1
Q224,R4,qa,work_public,L,0.90,audit_pool
Q225,R0,qa,work_public,P,0.95,audit_pool
Q225,R1,qa,work_public,B,0.60,adjudicate_1
Q225,R2,qa,work_public,L,0.85,audit_pool
Q225,R3,qa,work_public,P,0.80,audit_pool
Q225,R4,qa,work_public,L,0.90,audit_pool
Q226,R0,qa,work_public,P,0.70,adjudicate_1
Q226,R1,qa,work_public,L,0.80,audit_pool
Q226,R2,qa,work_public,L,0.85,audit_pool
Q226,R3,qa,work_public,P,0.60,adjudicate_1
Q226,R4,qa,work_public,L,0.85,audit_pool
Q227,R0,qa,work_public,P,0.95,audit_pool
Q227,R1,qa,work_public,L,0.90,audit_pool
Q227,R2,qa,work_public,L,0.90,audit_pool
Q227,R3,qa,work_public,P,0.80,audit_pool
Q227,R4,qa,work_public,L,0.75,adjudicate_1
Q228,R0,qa,work_public,P,0.60,adjudicate_1
Q228,R1,qa,work_public,L,0.80,audit_pool
Q228,R2,qa,work_public,L,0.85,audit_pool
Q228,R3,qa,work_public,P,0.60,adjudicate_1
Q228,R4,qa,work_public,L,0.80,audit_pool
Q229,R0,qa,work_public,P,0.95,audit_pool
Q229,R1,qa,work_public,L,0.90,audit_pool
Q229,R2,qa,work_public,L,0.85,audit_pool
Q229,R3,qa,work_public,P,0.70,adjudicate_1
Q229,R4,qa,work_public,L,0.80,audit_pool
Q230,R0,qa,work_public,P,0.60,adjudicate_1
Q230,R1,qa,work_public,L,0.90,audit_pool
Q230,R2,qa,work_public,L,0.95,audit_pool
Q230,R3,qa,work_public,L,0.85,audit_pool
Q230,R4,qa,work_public,L,0.80,audit_pool
Q231,R0,qa,work_public,L,0.90,audit_pool
Q231,R1,qa,work_public,L,0.95,audit_pool
Q231,R2,qa,work_public,L,0.95,audit_pool
Q231,R3,qa,work_public,L,0.90,audit_pool
Q231,R4,qa,work_public,L,0.95,audit_pool
Q232,R0,qa,work_public,P,0.75,adjudicate_1
Q232,R1,qa,work_public,L,0.85,audit_pool
Q232,R2,qa,work_public,L,0.80,audit_pool
Q232,R3,qa,work_public,P,0.55,double_label
Q232,R4,qa,work_public,L,0.80,audit_pool
Q233,R0,qa,work_public,L,0.85,audit_pool
Q233,R1,qa,work_public,L,0.95,audit_pool
Q233,R2,qa,work_public,L,0.95,audit_pool
Q233,R3,qa,work_public,L,0.90,audit_pool
Q233,R4,qa,work_public,L,0.90,audit_pool
Q234,R0,qa,work_public,P,0.90,audit_pool
Q234,R1,qa,work_public,L,0.90,audit_pool
Q234,R2,qa,work_public,L,0.85,audit_pool
Q234,R3,qa,work_public,B,0.70,adjudicate_1
Q234,R4,qa,work_public,L,0.80,audit_pool
Q235,R0,qa,work_public,L,0.60,adjudicate_1
Q235,R1,qa,work_public,L,0.95,audit_pool
Q235,R2,qa,work_public,L,0.90,audit_pool
Q235,R3,qa,work_public,L,0.80,audit_pool
Q235,R4,qa,work_public,L,0.85,audit_pool
Q236,R0,qa,work_public,P,0.90,audit_pool
Q236,R1,qa,work_public,L,0.95,audit_pool
Q236,R2,qa,work_public,L,0.85,audit_pool
Q236,R3,qa,work_public,B,0.70,adjudicate_1
Q236,R4,qa,work_public,L,0.70,adjudicate_1
Q237,R0,qa,work_public,P,0.90,audit_pool
Q237,R1,qa,work_public,L,0.95,audit_pool
Q237,R2,qa,work_public,L,0.85,audit_pool
Q237,R3,qa,work_public,B,0.70,adjudicate_1
Q237,R4,qa,work_public,L,0.70,adjudicate_1
Q238,R0,qa,work_public,P,0.95,audit_pool
Q238,R1,qa,work_public,L,0.90,audit_pool
Q238,R2,qa,work_public,L,0.80,audit_pool
Q238,R3,qa,work_public,P,0.80,audit_pool
Q238,R4,qa,work_public,L,0.75,adjudicate_1
Q239,R0,qa,work_public,P,0.90,audit_pool
Q239,R1,qa,work_public,L,0.85,audit_pool
Q239,R2,qa,work_public,L,0.85,audit_pool
Q239,R3,qa,work_public,B,0.60,adjudicate_1
Q239,R4,qa,work_public,L,0.85,audit_pool
Q240,R0,qa,work_public,P,0.90,audit_pool
Q240,R1,qa,work_public,L,0.90,audit_pool
Q240,R2,qa,work_public,L,0.85,audit_pool
Q240,R3,qa,work_public,B,0.70,adjudicate_1
Q240,R4,qa,work_public,L,0.80,audit_pool
Q241,R0,qa,work_public,P,0.95,audit_pool
Q241,R1,qa,work_public,L,0.90,audit_pool
Q241,R2,qa,work_public,L,0.85,audit_pool
Q241,R3,qa,work_public,P,0.75,adjudicate_1
Q241,R4,qa,work_public,L,0.85,audit_pool
Q242,R0,qa,work_public,P,0.95,audit_pool
Q242,R1,qa,work_public,L,0.90,audit_pool
Q242,R2,qa,work_public,L,0.90,audit_pool
Q242,R3,qa,work_public,P,0.85,audit_pool
Q242,R4,qa,work_public,L,0.85,audit_pool
Q243,R0,qa,work_public,P,0.95,audit_pool
Q243,R1,qa,work_public,L,0.85,audit_pool
Q243,R2,qa,work_public,L,0.85,audit_pool
Q243,R3,qa,work_public,P,0.85,audit_pool
Q243,R4,qa,work_public,L,0.85,audit_pool
Q244,R0,qa,work_public,P,0.85,audit_pool
Q244,R1,qa,work_public,L,0.90,audit_pool
Q244,R2,qa,work_public,L,0.80,audit_pool
Q244,R3,qa,work_public,P,0.60,adjudicate_1
Q244,R4,qa,work_public,L,0.75,adjudicate_1
Q245,R0,qa,work_public,P,0.90,audit_pool
Q245,R1,qa,work_public,L,0.95,audit_pool
Q245,R2,qa,work_public,L,0.85,audit_pool
Q245,R3,qa,work_public,B,0.70,adjudicate_1
Q245,R4,qa,work_public,L,0.70,adjudicate_1
Q246,R0,qa,work_public,P,0.95,audit_pool
Q246,R1,qa,work_public,L,0.85,audit_pool
Q246,R2,qa,work_public,L,0.85,audit_pool
Q246,R3,qa,work_public,P,0.85,audit_pool
Q246,R4,qa,work_public,L,0.70,adjudicate_1
Q247,R0,qa,work_public,P,0.90,audit_pool
Q247,R1,qa,work_public,L,0.90,audit_pool
Q247,R2,qa,work_public,L,0.85,audit_pool
Q247,R3,qa,work_public,P,0.60,adjudicate_1
Q247,R4,qa,work_public,L,0.85,audit_pool
Q248,R0,qa,work_public,P,0.90,audit_pool
Q248,R1,qa,work_public,L,0.85,audit_pool
Q248,R2,qa,work_public,L,0.85,audit_pool
Q248,R3,qa,work_public,B,0.60,adjudicate_1
Q248,R4,qa,work_public,L,0.85,audit_pool
Q249,R0,qa,work_public,P,0.85,audit_pool
Q249,R1,qa,work_public,L,0.95,audit_pool
Q249,R2,qa,work_public,L,0.85,audit_pool
Q249,R3,qa,work_public,B,0.70,adjudicate_1
Q249,R4,qa,work_public,L,0.70,adjudicate_1
Q250,R0,qa,work_public,P,0.65,adjudicate_1
Q250,R1,qa,work_public,L,0.90,audit_pool
Q250,R2,qa,work_public,L,0.90,audit_pool
Q250,R3,qa,work_public,P,0.60,adjudicate_1
Q250,R4,qa,work_public,L,0.85,audit_pool
Q251,R0,qa,sensitive_work,P,0.98,audit_pool
Q251,R1,qa,sensitive_work,P,0.85,audit_pool
Q251,R2,qa,sensitive_work,L,0.90,audit_pool
Q251,R3,qa,sensitive_work,P,0.95,audit_pool
Q251,R4,qa,sensitive_work,B,0.60,adjudicate_1
Q252,R0,qa,sensitive_work,P,0.98,audit_pool
Q252,R1,qa,sensitive_work,P,0.85,audit_pool
Q252,R2,qa,sensitive_work,L,0.85,audit_pool
Q252,R3,qa,sensitive_work,P,0.90,audit_pool
Q252,R4,qa,sensitive_work,P,0.75,adjudicate_1
Q253,R0,qa,sensitive_work,P,0.98,audit_pool
Q253,R1,qa,sensitive_work,P,0.90,audit_pool
Q253,R2,qa,sensitive_work,L,0.85,audit_pool
Q253,R3,qa,sensitive_work,P,0.95,audit_pool
Q253,R4,qa,sensitive_work,P,0.85,audit_pool
Q254,R0,qa,sensitive_work,P,0.95,audit_pool
Q254,R1,qa,sensitive_work,P,0.80,audit_pool
Q254,R2,qa,sensitive_work,L,0.70,adjudicate_1
Q254,R3,qa,sensitive_work,P,0.90,audit_pool
Q254,R4,qa,sensitive_work,P,0.70,adjudicate_1
Q255,R0,qa,sensitive_work,P,0.95,audit_pool
Q255,R1,qa,sensitive_work,P,0.90,audit_pool
Q255,R2,qa,sensitive_work,L,0.85,audit_pool
Q255,R3,qa,sensitive_work,P,0.95,audit_pool
Q255,R4,qa,sensitive_work,L,0.70,adjudicate_1
Q256,R0,qa,sensitive_work,P,0.95,audit_pool
Q256,R1,qa,sensitive_work,P,0.85,audit_pool
Q256,R2,qa,sensitive_work,L,0.75,adjudicate_1
Q256,R3,qa,sensitive_work,P,0.90,audit_pool
Q256,R4,qa,sensitive_work,L,0.90,audit_pool
Q257,R0,qa,sensitive_work,P,0.98,audit_pool
Q257,R1,qa,sensitive_work,P,0.65,adjudicate_1
Q257,R2,qa,sensitive_work,L,0.85,audit_pool
Q257,R3,qa,sensitive_work,P,0.90,audit_pool
Q257,R4,qa,sensitive_work,B,0.60,adjudicate_1
Q258,R0,qa,sensitive_work,P,0.95,audit_pool
Q258,R1,qa,sensitive_work,B,0.55,double_label
Q258,R2,qa,sensitive_work,L,0.80,audit_pool
Q258,R3,qa,sensitive_work,P,0.90,audit_pool
Q258,R4,qa,sensitive_work,L,0.70,adjudicate_1
Q259,R0,qa,sensitive_work,P,0.98,audit_pool
Q259,R1,qa,sensitive_work,P,0.85,audit_pool
Q259,R2,qa,sensitive_work,L,0.90,audit_pool
Q259,R3,qa,sensitive_work,P,0.95,audit_pool
Q259,R4,qa,sensitive_work,B,0.60,adjudicate_1
Q260,R0,qa,sensitive_work,P,0.95,audit_pool
Q260,R1,qa,sensitive_work,P,0.80,audit_pool
Q260,R2,qa,sensitive_work,L,0.65,adjudicate_1
Q260,R3,qa,sensitive_work,P,0.90,audit_pool
Q260,R4,qa,sensitive_work,P,0.80,audit_pool
Q261,R0,qa,sensitive_work,P,0.95,audit_pool
Q261,R1,qa,sensitive_work,L,0.60,adjudicate_1
Q261,R2,qa,sensitive_work,L,0.90,audit_pool
Q261,R3,qa,sensitive_work,P,0.85,audit_pool
Q261,R4,qa,sensitive_work,B,0.60,adjudicate_1
Q262,R0,qa,sensitive_work,P,0.98,audit_pool
Q262,R1,qa,sensitive_work,P,0.80,audit_pool
Q262,R2,qa,sensitive_work,L,0.85,audit_pool
Q262,R3,qa,sensitive_work,P,0.90,audit_pool
Q262,R4,qa,sensitive_work,P,0.80,audit_pool
Q263,R0,qa,sensitive_work,P,0.97,audit_pool
Q263,R1,qa,sensitive_work,P,0.85,audit_pool
Q263,R2,qa,sensitive_work,L,0.85,audit_pool
Q263,R3,qa,sensitive_work,P,0.90,audit_pool
Q263,R4,qa,sensitive_work,L,0.80,audit_pool
Q264,R0,qa,sensitive_work,P,0.98,audit_pool
Q264,R1,qa,sensitive_work,P,0.90,audit_pool
Q264,R2,qa,sensitive_work,L,0.75,adjudicate_1
Q264,R3,qa,sensitive_work,P,0.95,audit_pool
Q264,R4,qa,sensitive_work,B,0.55,double_label
Q265,R0,qa,sensitive_work,P,0.98,audit_pool
Q265,R1,qa,sensitive_work,P,0.85,audit_pool
Q265,R2,qa,sensitive_work,L,0.85,audit_pool
Q265,R3,qa,sensitive_work,P,0.90,audit_pool
Q265,R4,qa,sensitive_work,P,0.80,audit_pool
Q266,R0,qa,personal_finance,P,0.98,audit_pool
Q266,R1,qa,personal_finance,P,0.95,audit_pool
Q266,R2,qa,personal_finance,P,0.90,audit_pool
Q266,R3,qa,personal_finance,P,0.80,audit_pool
Q266,R4,qa,personal_finance,P,0.95,audit_pool
Q267,R0,qa,personal_finance,P,0.95,audit_pool
Q267,R1,qa,personal_finance,P,0.90,audit_pool
Q267,R2,qa,personal_finance,P,0.90,audit_pool
Q267,R3,qa,personal_finance,B,0.55,double_label
Q267,R4,qa,personal_finance,P,0.95,audit_pool
Q268,R0,qa,personal_finance,P,0.95,audit_pool
Q268,R1,qa,personal_finance,P,0.95,audit_pool
Q268,R2,qa,personal_finance,P,0.95,audit_pool
Q268,R3,qa,personal_finance,P,0.70,adjudicate_1
Q268,R4,qa,personal_finance,P,0.95,audit_pool
Q269,R0,qa,personal_finance,P,0.95,audit_pool
Q269,R1,qa,personal_finance,P,0.95,audit_pool
Q269,R2,qa,personal_finance,P,0.95,audit_pool
Q269,R3,qa,personal_finance,B,0.60,adjudicate_1
Q269,R4,qa,personal_finance,P,0.95,audit_pool
Q270,R0,qa,personal_finance,P,0.95,audit_pool
Q270,R1,qa,personal_finance,P,0.95,audit_pool
Q270,R2,qa,personal_finance,P,0.95,audit_pool
Q270,R3,qa,personal_finance,P,0.80,audit_pool
Q270,R4,qa,personal_finance,P,0.95,audit_pool
Q271,R0,qa,personal_finance,P,0.97,audit_pool
Q271,R1,qa,personal_finance,P,0.95,audit_pool
Q271,R2,qa,personal_finance,P,0.95,audit_pool
Q271,R3,qa,personal_finance,P,0.65,adjudicate_1
Q271,R4,qa,personal_finance,P,0.95,audit_pool
Q272,R0,qa,personal_finance,P,0.98,audit_pool
Q272,R1,qa,personal_finance,P,0.95,audit_pool
Q272,R2,qa,personal_finance,P,0.95,audit_pool
Q272,R3,qa,personal_finance,P,0.85,audit_pool
Q272,R4,qa,personal_finance,P,0.95,audit_pool
Q273,R0,qa,personal_finance,P,0.98,audit_pool
Q273,R1,qa,personal_finance,P,0.95,audit_pool
Q273,R2,qa,personal_finance,P,0.95,audit_pool
Q273,R3,qa,personal_finance,P,0.75,adjudicate_1
Q273,R4,qa,personal_finance,P,0.95,audit_pool
Q274,R0,qa,personal_finance,P,0.98,audit_pool
Q274,R1,qa,personal_finance,P,0.95,audit_pool
Q274,R2,qa,personal_finance,P,0.90,audit_pool
Q274,R3,qa,personal_finance,P,0.85,audit_pool
Q274,R4,qa,personal_finance,P,0.90,audit_pool
Q275,R0,qa,personal_finance,P,0.97,audit_pool
Q275,R1,qa,personal_finance,P,0.95,audit_pool
Q275,R2,qa,personal_finance,P,0.95,audit_pool
Q275,R3,qa,personal_finance,P,0.80,audit_pool
Q275,R4,qa,personal_finance,P,0.95,audit_pool
Q276,R0,qa,personal_finance,P,0.98,audit_pool
Q276,R1,qa,personal_finance,P,0.95,audit_pool
Q276,R2,qa,personal_finance,P,0.95,audit_pool
Q276,R3,qa,personal_finance,P,0.65,adjudicate_1
Q276,R4,qa,personal_finance,P,0.95,audit_pool
Q277,R0,qa,personal_finance,P,0.98,audit_pool
Q277,R1,qa,personal_finance,P,0.95,audit_pool
Q277,R2,qa,personal_finance,P,0.90,audit_pool
Q277,R3,qa,personal_finance,P,0.80,audit_pool
Q277,R4,qa,personal_finance,P,0.95,audit_pool
Q278,R0,qa,personal_health,P,0.95,audit_pool
Q278,R1,qa,personal_health,P,0.85,audit_pool
Q278,R2,qa,personal_health,P,0.75,adjudicate_1
Q278,R3,qa,personal_health,B,0.60,adjudicate_1
Q278,R4,qa,personal_health,P,0.95,audit_pool
Q279,R0,qa,personal_health,P,0.97,audit_pool
Q279,R1,qa,personal_health,P,0.85,audit_pool
Q279,R2,qa,personal_health,P,0.85,audit_pool
Q279,R3,qa,personal_health,B,0.60,adjudicate_1
Q279,R4,qa,personal_health,P,0.95,audit_pool
Q280,R0,qa,personal_health,P,0.95,audit_pool
Q280,R1,qa,personal_health,P,0.85,audit_pool
Q280,R2,qa,personal_health,P,0.80,audit_pool
Q280,R3,qa,personal_health,L,0.70,adjudicate_1
Q280,R4,qa,personal_health,P,0.95,audit_pool
Q281,R0,qa,personal_health,P,0.98,audit_pool
Q281,R1,qa,personal_health,P,0.95,audit_pool
Q281,R2,qa,personal_health,P,0.90,audit_pool
Q281,R3,qa,personal_health,B,0.60,adjudicate_1
Q281,R4,qa,personal_health,P,0.95,audit_pool
Q282,R0,qa,personal_health,P,0.97,audit_pool
Q282,R1,qa,personal_health,P,0.95,audit_pool
Q282,R2,qa,personal_health,P,0.90,audit_pool
Q282,R3,qa,personal_health,B,0.55,double_label
Q282,R4,qa,personal_health,P,0.95,audit_pool
Q283,R0,qa,personal_health,P,0.95,audit_pool
Q283,R1,qa,personal_health,P,0.70,adjudicate_1
Q283,R2,qa,personal_health,P,0.70,adjudicate_1
Q283,R3,qa,personal_health,L,0.85,audit_pool
Q283,R4,qa,personal_health,P,0.90,audit_pool
Q284,R0,qa,personal_health,P,0.95,audit_pool
Q284,R1,qa,personal_health,P,0.85,audit_pool
Q284,R2,qa,personal_health,P,0.85,audit_pool
Q284,R3,qa,personal_health,L,0.70,adjudicate_1
Q284,R4,qa,personal_health,P,0.95,audit_pool
Q285,R0,qa,personal_health,P,0.95,audit_pool
Q285,R1,qa,personal_health,P,0.65,adjudicate_1
Q285,R2,qa,personal_health,P,0.60,adjudicate_1
Q285,R3,qa,personal_health,L,0.70,adjudicate_1
Q285,R4,qa,personal_health,P,0.90,audit_pool
Q286,R0,qa,personal_health,P,0.98,audit_pool
Q286,R1,qa,personal_health,P,0.95,audit_pool
Q286,R2,qa,personal_health,P,0.95,audit_pool
Q286,R3,qa,personal_health,B,0.55,double_label
Q286,R4,qa,personal_health,P,0.95,audit_pool
Q287,R0,qa,personal_health,P,0.98,audit_pool
Q287,R1,qa,personal_health,P,0.85,audit_pool
Q287,R2,qa,personal_health,P,0.80,audit_pool
Q287,R3,qa,personal_health,L,0.75,adjudicate_1
Q287,R4,qa,personal_health,P,0.95,audit_pool
Q288,R0,qa,personal_relationships,P,0.98,audit_pool
Q288,R1,qa,personal_relationships,P,0.90,audit_pool
Q288,R2,qa,personal_relationships,P,0.80,audit_pool
Q288,R3,qa,personal_relationships,L,0.90,audit_pool
Q288,R4,qa,personal_relationships,P,0.95,audit_pool
Q289,R0,qa,personal_relationships,P,0.95,audit_pool
Q289,R1,qa,personal_relationships,P,0.90,audit_pool
Q289,R2,qa,personal_relationships,P,0.90,audit_pool
Q289,R3,qa,personal_relationships,L,0.85,audit_pool
Q289,R4,qa,personal_relationships,P,0.95,audit_pool
Q290,R0,qa,personal_relationships,P,0.95,audit_pool
Q290,R1,qa,personal_relationships,P,0.70,adjudicate_1
Q290,R2,qa,personal_relationships,P,0.60,adjudicate_1
Q290,R3,qa,personal_relationships,L,0.85,audit_pool
Q290,R4,qa,personal_relationships,P,0.95,audit_pool
Q291,R0,qa,personal_relationships,P,0.98,audit_pool
Q291,R1,qa,personal_relationships,P,0.90,audit_pool
Q291,R2,qa,personal_relationships,P,0.90,audit_pool
Q291,R3,qa,personal_relationships,L,0.65,adjudicate_1
Q291,R4,qa,personal_relationships,P,0.95,audit_pool
Q292,R0,qa,personal_relationships,P,0.95,audit_pool
Q292,R1,qa,personal_relationships,P,0.85,audit_pool
Q292,R2,qa,personal_relationships,P,0.80,audit_pool
Q292,R3,qa,personal_relationships,L,0.90,audit_pool
Q292,R4,qa,personal_relationships,P,0.95,audit_pool
Q293,R0,qa,personal_relationships,P,0.98,audit_pool
Q293,R1,qa,personal_relationships,B,0.55,double_label
Q293,R2,qa,personal_relationships,B,0.55,double_label
Q293,R3,qa,personal_relationships,L,0.95,audit_pool
Q293,R4,qa,personal_relationships,P,0.95,audit_pool
Q294,R0,qa,personal_relationships,P,0.95,audit_pool
Q294,R1,qa,personal_relationships,P,0.95,audit_pool
Q294,R2,qa,personal_relationships,P,0.90,audit_pool
Q294,R3,qa,personal_relationships,B,0.60,adjudicate_1
Q294,R4,qa,personal_relationships,P,0.90,audit_pool
Q295,R0,qa,personal_relationships,P,0.97,audit_pool
Q295,R1,qa,personal_relationships,P,0.95,audit_pool
Q295,R2,qa,personal_relationships,P,0.95,audit_pool
Q295,R3,qa,personal_relationships,B,0.65,adjudicate_1
Q295,R4,qa,personal_relationships,P,0.95,audit_pool
Q296,R0,qa,personal_relationships,P,0.98,audit_pool
Q296,R1,qa,personal_relationships,P,0.95,audit_pool
Q296,R2,qa,personal_relationships,P,0.95,audit_pool
Q296,R3,qa,personal_relationships,L,0.90,audit_pool
Q296,R4,qa,personal_relationships,P,0.95,audit_pool
Q297,R0,qa,personal_relationships,P,0.98,audit_pool
Q297,R1,qa,personal_relationships,P,0.90,audit_pool
Q297,R2,qa,personal_relationships,P,0.90,audit_pool
Q297,R3,qa,personal_relationships,L,0.95,audit_pool
Q297,R4,qa,personal_relationships,P,0.95,audit_pool
Q298,R0,qa,personal_relationships,P,0.98,audit_pool
Q298,R1,qa,personal_relationships,P,0.95,audit_pool
Q298,R2,qa,personal_relationships,P,0.90,audit_pool
Q298,R3,qa,personal_relationships,L,0.80,audit_pool
Q298,R4,qa,personal_relationships,P,0.95,audit_pool
Q299,R0,qa,personal_relationships,P,0.97,audit_pool
Q299,R1,qa,personal_relationships,P,0.95,audit_pool
Q299,R2,qa,personal_relationships,P,0.90,audit_pool
Q299,R3,qa,personal_relationships,L,0.90,audit_pool
Q299,R4,qa,personal_relationships,P,0.95,audit_pool
Q300,R0,qa,personal_relationships,P,0.95,audit_pool
Q300,R1,qa,personal_relationships,P,0.90,audit_pool
Q300,R2,qa,personal_relationships,P,0.90,audit_pool
Q300,R3,qa,personal_relationships,B,0.65,adjudicate_1
Q300,R4,qa,personal_relationships,P,0.95,audit_pool
Q301,R0,qa,work_public,P,0.90,audit_pool
Q301,R1,qa,work_public,L,0.80,audit_pool
Q301,R2,qa,work_public,L,0.85,audit_pool
Q301,R3,qa,work_public,P,0.80,audit_pool
Q301,R4,qa,work_public,L,0.75,adjudicate_1
Q302,R0,qa,work_public,P,0.90,audit_pool
Q302,R1,qa,work_public,L,0.90,audit_pool
Q302,R2,qa,work_public,L,0.85,audit_pool
Q302,R3,qa,work_public,P,0.60,adjudicate_1
Q302,R4,qa,work_public,L,0.85,audit_pool
Q303,R0,qa,work_public,P,0.90,audit_pool
Q303,R1,qa,work_public,L,0.85,audit_pool
Q303,R2,qa,work_public,L,0.85,audit_pool
Q303,R3,qa,work_public,B,0.60,adjudicate_1
Q303,R4,qa,work_public,L,0.85,audit_pool
Q304,R0,qa,work_public,P,0.70,adjudicate_1
Q304,R1,qa,work_public,L,0.90,audit_pool
Q304,R2,qa,work_public,L,0.80,audit_pool
Q304,R3,qa,work_public,B,0.70,adjudicate_1
Q304,R4,qa,work_public,L,0.70,adjudicate_1
Q305,R0,qa,work_public,P,0.95,audit_pool
Q305,R1,qa,work_public,L,0.80,audit_pool
Q305,R2,qa,work_public,L,0.80,audit_pool
Q305,R3,qa,work_public,P,0.80,audit_pool
Q305,R4,qa,work_public,L,0.70,adjudicate_1
Q306,R0,qa,work_public,P,0.90,audit_pool
Q306,R1,qa,work_public,L,0.85,audit_pool
Q306,R2,qa,work_public,L,0.85,audit_pool
Q306,R3,qa,work_public,P,0.80,audit_pool
Q306,R4,qa,work_public,L,0.80,audit_pool
Q307,R0,qa,work_public,P,0.90,audit_pool
Q307,R1,qa,work_public,L,0.85,audit_pool
Q307,R2,qa,work_public,L,0.85,audit_pool
Q307,R3,qa,work_public,P,0.75,adjudicate_1
Q307,R4,qa,work_public,L,0.85,audit_pool
Q308,R0,qa,work_public,P,0.95,audit_pool
Q308,R1,qa,work_public,L,0.85,audit_pool
Q308,R2,qa,work_public,L,0.75,adjudicate_1
Q308,R3,qa,work_public,P,0.80,audit_pool
Q308,R4,qa,work_public,L,0.85,audit_pool
Q309,R0,qa,work_public,P,0.85,audit_pool
Q309,R1,qa,work_public,L,0.90,audit_pool
Q309,R2,qa,work_public,L,0.80,audit_pool
Q309,R3,qa,work_public,B,0.65,adjudicate_1
Q309,R4,qa,work_public,L,0.70,adjudicate_1
Q310,R0,qa,work_public,P,0.90,audit_pool
Q310,R1,qa,work_public,L,0.90,audit_pool
Q310,R2,qa,work_public,L,0.85,audit_pool
Q310,R3,qa,work_public,P,0.85,audit_pool
Q310,R4,qa,work_public,L,0.70,adjudicate_1
Q311,R0,qa,work_public,P,0.90,audit_pool
Q311,R1,qa,work_public,L,0.90,audit_pool
Q311,R2,qa,work_public,L,0.85,audit_pool
Q311,R3,qa,work_public,P,0.65,adjudicate_1
Q311,R4,qa,work_public,L,0.90,audit_pool
Q312,R0,qa,work_public,P,0.85,audit_pool
Q312,R1,qa,work_public,L,0.90,audit_pool
Q312,R2,qa,work_public,L,0.80,audit_pool
Q312,R3,qa,work_public,B,0.65,adjudicate_1
Q312,R4,qa,work_public,L,0.70,adjudicate_1
Q313,R0,qa,work_public,P,0.95,audit_pool
Q313,R1,qa,work_public,L,0.90,audit_pool
Q313,R2,qa,work_public,L,0.80,audit_pool
Q313,R3,qa,work_public,P,0.80,audit_pool
Q313,R4,qa,work_public,L,0.75,adjudicate_1
Q314,R0,qa,work_public,P,0.90,audit_pool
Q314,R1,qa,work_public,L,0.90,audit_pool
Q314,R2,qa,work_public,L,0.85,audit_pool
Q314,R3,qa,work_public,B,0.60,adjudicate_1
Q314,R4,qa,work_public,L,0.80,audit_pool
Q315,R0,qa,work_public,P,0.90,audit_pool
Q315,R1,qa,work_public,L,0.95,audit_pool
Q315,R2,qa,work_public,L,0.85,audit_pool
Q315,R3,qa,work_public,B,0.60,adjudicate_1
Q315,R4,qa,work_public,L,0.80,audit_pool
Q316,R0,qa,work_public,P,0.90,audit_pool
Q316,R1,qa,work_public,L,0.90,audit_pool
Q316,R2,qa,work_public,L,0.90,audit_pool
Q316,R3,qa,work_public,P,0.60,adjudicate_1
Q316,R4,qa,work_public,L,0.65,adjudicate_1
Q317,R0,qa,work_public,P,0.95,audit_pool
Q317,R1,qa,work_public,B,0.60,adjudicate_1
Q317,R2,qa,work_public,L,0.85,audit_pool
Q317,R3,qa,work_public,P,0.80,audit_pool
Q317,R4,qa,work_public,L,0.95,audit_pool
Q318,R0,qa,work_public,P,0.90,audit_pool
Q318,R1,qa,work_public,L,0.75,adjudicate_1
Q318,R2,qa,work_public,L,0.85,audit_pool
Q318,R3,qa,work_public,P,0.70,adjudicate_1
Q318,R4,qa,work_public,L,0.85,audit_pool
Q319,R0,qa,work_public,P,0.95,audit_pool
Q319,R1,qa,work_public,L,0.85,audit_pool
Q319,R2,qa,work_public,L,0.85,audit_pool
Q319,R3,qa,work_public,P,0.80,audit_pool
Q319,R4,qa,work_public,L,0.80,audit_pool
Q320,R0,qa,work_public,P,0.90,audit_pool
Q320,R1,qa,work_public,L,0.90,audit_pool
Q320,R2,qa,work_public,L,0.90,audit_pool
Q320,R3,qa,work_public,B,0.70,adjudicate_1
Q320,R4,qa,work_public,L,0.70,adjudicate_1
Q321,R0,qa,work_public,P,0.60,adjudicate_1
Q321,R1,qa,work_public,L,0.85,audit_pool
Q321,R2,qa,work_public,L,0.85,audit_pool
Q321,R3,qa,work_public,L,0.85,audit_pool
Q321,R4,qa,work_public,L,0.80,audit_pool
Q322,R0,qa,work_public,L,0.80,audit_pool
Q322,R1,qa,work_public,L,0.95,audit_pool
Q322,R2,qa,work_public,L,0.90,audit_pool
Q322,R3,qa,work_public,L,0.90,audit_pool
Q322,R4,qa,work_public,L,0.90,audit_pool
Q323,R0,qa,work_public,P,0.60,adjudicate_1
Q323,R1,qa,work_public,L,0.90,audit_pool
Q323,R2,qa,work_public,L,0.90,audit_pool
Q323,R3,qa,work_public,B,0.60,adjudicate_1
Q323,R4,qa,work_public,L,0.85,audit_pool
Q324,R0,qa,work_public,P,0.60,adjudicate_1
Q324,R1,qa,work_public,L,0.90,audit_pool
Q324,R2,qa,work_public,L,0.90,audit_pool
Q324,R3,qa,work_public,L,0.85,audit_pool
Q324,R4,qa,work_public,L,0.85,audit_pool
Q325,R0,qa,work_public,B,0.55,double_label
Q325,R1,qa,work_public,L,0.90,audit_pool
Q325,R2,qa,work_public,L,0.90,audit_pool
Q325,R3,qa,work_public,L,0.80,audit_pool
Q325,R4,qa,work_public,L,0.85,audit_pool
Q326,R0,qa,work_public,L,0.60,adjudicate_1
Q326,R1,qa,work_public,L,0.95,audit_pool
Q326,R2,qa,work_public,L,0.90,audit_pool
Q326,R3,qa,work_public,L,0.85,audit_pool
Q326,R4,qa,work_public,L,0.85,audit_pool
Q327,R0,qa,work_public,P,0.90,audit_pool
Q327,R1,qa,work_public,L,0.90,audit_pool
Q327,R2,qa,work_public,L,0.85,audit_pool
Q327,R3,qa,work_public,P,0.75,adjudicate_1
Q327,R4,qa,work_public,L,0.85,audit_pool
Q328,R0,qa,work_public,P,0.70,adjudicate_1
Q328,R1,qa,work_public,L,0.90,audit_pool
Q328,R2,qa,work_public,L,0.85,audit_pool
Q328,R3,qa,work_public,B,0.70,adjudicate_1
Q328,R4,qa,work_public,L,0.75,adjudicate_1
Q329,R0,qa,work_public,P,0.90,audit_pool
Q329,R1,qa,work_public,L,0.85,audit_pool
Q329,R2,qa,work_public,L,0.75,adjudicate_1
Q329,R3,qa,work_public,P,0.65,adjudicate_1
Q329,R4,qa,work_public,L,0.70,adjudicate_1
Q330,R0,qa,work_public,P,0.90,audit_pool
Q330,R1,qa,work_public,L,0.90,audit_pool
Q330,R2,qa,work_public,L,0.90,audit_pool
Q330,R3,qa,work_public,B,0.65,adjudicate_1
Q330,R4,qa,work_public,L,0.80,audit_pool
Q331,R0,qa,work_public,P,0.70,adjudicate_1
Q331,R1,qa,work_public,L,0.85,audit_pool
Q331,R2,qa,work_public,L,0.90,audit_pool
Q331,R3,qa,work_public,P,0.75,adjudicate_1
Q331,R4,qa,work_public,L,0.90,audit_pool
Q332,R0,qa,work_public,P,0.90,audit_pool
Q332,R1,qa,work_public,L,0.90,audit_pool
Q332,R2,qa,work_public,L,0.85,audit_pool
Q332,R3,qa,work_public,B,0.65,adjudicate_1
Q332,R4,qa,work_public,L,0.75,adjudicate_1
Q333,R0,qa,work_public,P,0.90,audit_pool
Q333,R1,qa,work_public,L,0.80,audit_pool
Q333,R2,qa,work_public,L,0.85,audit_pool
Q333,R3,qa,work_public,P,0.60,adjudicate_1
Q333,R4,qa,work_public,L,0.75,adjudicate_1
Q334,R0,qa,work_public,L,0.75,adjudicate_1
Q334,R1,qa,work_public,L,0.95,audit_pool
Q334,R2,qa,work_public,L,0.95,audit_pool
Q334,R3,qa,work_public,L,0.90,audit_pool
Q334,R4,qa,work_public,L,0.90,audit_pool
Q335,R0,qa,work_public,P,0.90,audit_pool
Q335,R1,qa,work_public,L,0.90,audit_pool
Q335,R2,qa,work_public,L,0.80,audit_pool
Q335,R3,qa,work_public,B,0.70,adjudicate_1
Q335,R4,qa,work_public,L,0.70,adjudicate_1
Q336,R0,qa,work_public,P,0.85,audit_pool
Q336,R1,qa,work_public,L,0.90,audit_pool
Q336,R2,qa,work_public,L,0.80,audit_pool
Q336,R3,qa,work_public,B,0.70,adjudicate_1
Q336,R4,qa,work_public,L,0.75,adjudicate_1
Q337,R0,qa,work_public,P,0.90,audit_pool
Q337,R1,qa,work_public,L,0.85,audit_pool
Q337,R2,qa,work_public,L,0.85,audit_pool
Q337,R3,qa,work_public,B,0.60,adjudicate_1
Q337,R4,qa,work_public,L,0.90,audit_pool
Q338,R0,qa,work_public,P,0.60,adjudicate_1
Q338,R1,qa,work_public,L,0.90,audit_pool
Q338,R2,qa,work_public,L,0.85,audit_pool
Q338,R3,qa,work_public,L,0.65,adjudicate_1
Q338,R4,qa,work_public,L,0.75,adjudicate_1
Q339,R0,qa,work_public,P,0.95,audit_pool
Q339,R1,qa,work_public,L,0.80,audit_pool
Q339,R2,qa,work_public,L,0.85,audit_pool
Q339,R3,qa,work_public,P,0.85,audit_pool
Q339,R4,qa,work_public,L,0.80,audit_pool
Q340,R0,qa,work_public,P,0.90,audit_pool
Q340,R1,qa,work_public,L,0.90,audit_pool
Q340,R2,qa,work_public,L,0.85,audit_pool
Q340,R3,qa,work_public,B,0.70,adjudicate_1
Q340,R4,qa,work_public,L,0.75,adjudicate_1
Q341,R0,qa,work_public,P,0.90,audit_pool
Q341,R1,qa,work_public,L,0.90,audit_pool
Q341,R2,qa,work_public,L,0.85,audit_pool
Q341,R3,qa,work_public,B,0.70,adjudicate_1
Q341,R4,qa,work_public,L,0.80,audit_pool
Q342,R0,qa,work_public,P,0.90,audit_pool
Q342,R1,qa,work_public,L,0.95,audit_pool
Q342,R2,qa,work_public,L,0.85,audit_pool
Q342,R3,qa,work_public,B,0.70,adjudicate_1
Q342,R4,qa,work_public,L,0.70,adjudicate_1
Q343,R0,qa,work_public,L,0.60,adjudicate_1
Q343,R1,qa,work_public,L,0.95,audit_pool
Q343,R2,qa,work_public,L,0.90,audit_pool
Q343,R3,qa,work_public,L,0.85,audit_pool
Q343,R4,qa,work_public,L,0.80,audit_pool
Q344,R0,qa,work_public,P,0.60,adjudicate_1
Q344,R1,qa,work_public,L,0.90,audit_pool
Q344,R2,qa,work_public,L,0.90,audit_pool
Q344,R3,qa,work_public,B,0.60,adjudicate_1
Q344,R4,qa,work_public,L,0.90,audit_pool
Q345,R0,qa,work_public,P,0.60,adjudicate_1
Q345,R1,qa,work_public,L,0.90,audit_pool
Q345,R2,qa,work_public,L,0.85,audit_pool
Q345,R3,qa,work_public,L,0.65,adjudicate_1
Q345,R4,qa,work_public,L,0.85,audit_pool
Q346,R0,qa,work_public,P,0.95,audit_pool
Q346,R1,qa,work_public,L,0.80,audit_pool
Q346,R2,qa,work_public,L,0.85,audit_pool
Q346,R3,qa,work_public,P,0.85,audit_pool
Q346,R4,qa,work_public,L,0.80,audit_pool
Q347,R0,qa,sensitive_work,P,0.95,audit_pool
Q347,R1,qa,sensitive_work,B,0.55,double_label
Q347,R2,qa,sensitive_work,L,0.85,audit_pool
Q347,R3,qa,sensitive_work,P,0.90,audit_pool
Q347,R4,qa,sensitive_work,L,0.90,audit_pool
Q348,R0,qa,work_public,P,0.60,adjudicate_1
Q348,R1,qa,work_public,L,0.90,audit_pool
Q348,R2,qa,work_public,L,0.90,audit_pool
Q348,R3,qa,work_public,B,0.60,adjudicate_1
Q348,R4,qa,work_public,L,0.70,adjudicate_1
Q349,R0,qa,work_public,P,0.90,audit_pool
Q349,R1,qa,work_public,L,0.90,audit_pool
Q349,R2,qa,work_public,L,0.85,audit_pool
Q349,R3,qa,work_public,B,0.60,adjudicate_1
Q349,R4,qa,work_public,L,0.80,audit_pool
Q350,R0,qa,work_public,P,0.60,adjudicate_1
Q350,R1,qa,work_public,L,0.90,audit_pool
Q350,R2,qa,work_public,L,0.85,audit_pool
Q350,R3,qa,work_public,B,0.60,adjudicate_1
Q350,R4,qa,work_public,L,0.85,audit_pool
Q351,R0,qa,work_public,P,0.90,audit_pool
Q351,R1,qa,work_public,L,0.95,audit_pool
Q351,R2,qa,work_public,L,0.90,audit_pool
Q351,R3,qa,work_public,B,0.70,adjudicate_1
Q351,R4,qa,work_public,L,0.85,audit_pool
Q352,R0,qa,sensitive_work,P,0.98,audit_pool
Q352,R1,qa,sensitive_work,B,0.60,adjudicate_1
Q352,R2,qa,sensitive_work,L,0.90,audit_pool
Q352,R3,qa,sensitive_work,P,0.90,audit_pool
Q352,R4,qa,sensitive_work,B,0.60,adjudicate_1
Q353,R0,qa,sensitive_work,P,0.95,audit_pool
Q353,R1,qa,sensitive_work,B,0.55,double_label
Q353,R2,qa,sensitive_work,L,0.80,audit_pool
Q353,R3,qa,sensitive_work,P,0.90,audit_pool
Q353,R4,qa,sensitive_work,P,0.65,adjudicate_1
Q354,R0,qa,sensitive_work,P,0.95,audit_pool
Q354,R1,qa,sensitive_work,L,0.70,adjudicate_1
Q354,R2,qa,sensitive_work,L,0.85,audit_pool
Q354,R3,qa,sensitive_work,P,0.85,audit_pool
Q354,R4,qa,sensitive_work,B,0.60,adjudicate_1
Q355,R0,qa,sensitive_work,P,0.98,audit_pool
Q355,R1,qa,sensitive_work,P,0.75,adjudicate_1
Q355,R2,qa,sensitive_work,L,0.80,audit_pool
Q355,R3,qa,sensitive_work,P,0.95,audit_pool
Q355,R4,qa,sensitive_work,B,0.60,adjudicate_1
Q356,R0,qa,sensitive_work,P,0.98,audit_pool
Q356,R1,qa,sensitive_work,P,0.90,audit_pool
Q356,R2,qa,sensitive_work,L,0.85,audit_pool
Q356,R3,qa,sensitive_work,P,0.95,audit_pool
Q356,R4,qa,sensitive_work,B,0.55,double_label
Q357,R0,qa,sensitive_work,P,0.98,audit_pool
Q357,R1,qa,sensitive_work,P,0.70,adjudicate_1
Q357,R2,qa,sensitive_work,L,0.90,audit_pool
Q357,R3,qa,sensitive_work,P,0.90,audit_pool
Q357,R4,qa,sensitive_work,B,0.60,adjudicate_1
Q358,R0,qa,sensitive_work,P,0.98,audit_pool
Q358,R1,qa,sensitive_work,P,0.85,audit_pool
Q358,R2,qa,sensitive_work,L,0.85,audit_pool
Q358,R3,qa,sensitive_work,P,0.95,audit_pool
Q358,R4,qa,sensitive_work,P,0.70,adjudicate_1
Q359,R0,qa,sensitive_work,P,0.98,audit_pool
Q359,R1,qa,sensitive_work,P,0.70,adjudicate_1
Q359,R2,qa,sensitive_work,B,0.55,double_label
Q359,R3,qa,sensitive_work,P,0.90,audit_pool
Q359,R4,qa,sensitive_work,P,0.80,audit_pool
Q360,R0,qa,sensitive_work,P,0.95,audit_pool
Q360,R1,qa,sensitive_work,P,0.85,audit_pool
Q360,R2,qa,sensitive_work,L,0.80,audit_pool
Q360,R3,qa,sensitive_work,P,0.95,audit_pool
Q360,R4,qa,sensitive_work,L,0.90,audit_pool
Q361,R0,qa,sensitive_work,P,0.98,audit_pool
Q361,R1,qa,sensitive_work,P,0.90,audit_pool
Q361,R2,qa,sensitive_work,L,0.80,audit_pool
Q361,R3,qa,sensitive_work,P,0.95,audit_pool
Q361,R4,qa,sensitive_work,L,0.95,audit_pool
Q362,R0,qa,sensitive_work,P,0.95,audit_pool
Q362,R1,qa,sensitive_work,B,0.55,double_label
Q362,R2,qa,sensitive_work,L,0.80,audit_pool
Q362,R3,qa,sensitive_work,P,0.85,audit_pool
Q362,R4,qa,sensitive_work,P,0.60,adjudicate_1
Q363,R0,qa,sensitive_work,P,0.95,audit_pool
Q363,R1,qa,sensitive_work,B,0.55,double_label
Q363,R2,qa,sensitive_work,L,0.80,audit_pool
Q363,R3,qa,sensitive_work,P,0.90,audit_pool
Q363,R4,qa,sensitive_work,B,0.60,adjudicate_1
Q364,R0,qa,sensitive_work,P,0.97,audit_pool
Q364,R1,qa,sensitive_work,P,0.85,audit_pool
Q364,R2,qa,sensitive_work,L,0.80,audit_pool
Q364,R3,qa,sensitive_work,P,0.95,audit_pool
Q364,R4,qa,sensitive_work,P,0.85,audit_pool
Q365,R0,qa,sensitive_work,P,0.95,audit_pool
Q365,R1,qa,sensitive_work,P,0.85,audit_pool
Q365,R2,qa,sensitive_work,L,0.80,audit_pool
Q365,R3,qa,sensitive_work,P,0.90,audit_pool
Q365,R4,qa,sensitive_work,L,0.70,adjudicate_1
Q366,R0,qa,personal_finance,P,0.95,audit_pool
Q366,R1,qa,personal_finance,P,0.90,audit_pool
Q366,R2,qa,personal_finance,P,0.65,adjudicate_1
Q366,R3,qa,personal_finance,B,0.60,adjudicate_1
Q366,R4,qa,personal_finance,P,0.90,audit_pool
Q367,R0,qa,personal_finance,P,0.98,audit_pool
Q367,R1,qa,personal_finance,P,0.95,audit_pool
Q367,R2,qa,personal_finance,P,0.95,audit_pool
Q367,R3,qa,personal_finance,P,0.70,adjudicate_1
Q367,R4,qa,personal_finance,P,0.95,audit_pool
Q368,R0,qa,personal_finance,P,0.98,audit_pool
Q368,R1,qa,personal_finance,P,0.95,audit_pool
Q368,R2,qa,personal_finance,P,0.90,audit_pool
Q368,R3,qa,personal_finance,P,0.75,adjudicate_1
Q368,R4,qa,personal_finance,P,0.95,audit_pool
Q369,R0,qa,personal_finance,P,0.98,audit_pool
Q369,R1,qa,personal_finance,P,0.95,audit_pool
Q369,R2,qa,personal_finance,P,0.95,audit_pool
Q369,R3,qa,personal_finance,P,0.75,adjudicate_1
Q369,R4,qa,personal_finance,P,0.90,audit_pool
Q370,R0,qa,personal_finance,P,0.95,audit_pool
Q370,R1,qa,personal_finance,P,0.95,audit_pool
Q370,R2,qa,personal_finance,P,0.90,audit_pool
Q370,R3,qa,personal_finance,B,0.60,adjudicate_1
Q370,R4,qa,personal_finance,P,0.95,audit_pool
Q371,R0,qa,personal_finance,P,0.97,audit_pool
Q371,R1,qa,personal_finance,P,0.95,audit_pool
Q371,R2,qa,personal_finance,P,0.95,audit_pool
Q371,R3,qa,personal_finance,B,0.65,adjudicate_1
Q371,R4,qa,personal_finance,P,0.95,audit_pool
Q372,R0,qa,personal_finance,P,0.97,audit_pool
Q372,R1,qa,personal_finance,P,0.95,audit_pool
Q372,R2,qa,personal_finance,P,0.95,audit_pool
Q372,R3,qa,personal_finance,P,0.75,adjudicate_1
Q372,R4,qa,personal_finance,P,0.95,audit_pool
Q373,R0,qa,personal_finance,P,0.95,audit_pool
Q373,R1,qa,personal_finance,P,0.95,audit_pool
Q373,R2,qa,personal_finance,P,0.90,audit_pool
Q373,R3,qa,personal_finance,P,0.80,audit_pool
Q373,R4,qa,personal_finance,P,0.60,adjudicate_1
Q374,R0,qa,personal_finance,P,0.98,audit_pool
Q374,R1,qa,personal_finance,P,0.95,audit_pool
Q374,R2,qa,personal_finance,P,0.90,audit_pool
Q374,R3,qa,personal_finance,B,0.60,adjudicate_1
Q374,R4,qa,personal_finance,P,0.90,audit_pool
Q375,R0,qa,personal_finance,P,0.95,audit_pool
Q375,R1,qa,personal_finance,P,0.95,audit_pool
Q375,R2,qa,personal_finance,P,0.95,audit_pool
Q375,R3,qa,personal_finance,P,0.80,audit_pool
Q375,R4,qa,personal_finance,P,0.95,audit_pool
Q376,R0,qa,personal_finance,P,0.95,audit_pool
Q376,R1,qa,personal_finance,P,0.90,audit_pool
Q376,R2,qa,personal_finance,P,0.85,audit_pool
Q376,R3,qa,personal_finance,B,0.55,double_label
Q376,R4,qa,personal_finance,P,0.90,audit_pool
Q377,R0,qa,personal_finance,P,0.95,audit_pool
Q377,R1,qa,personal_finance,P,0.95,audit_pool
Q377,R2,qa,personal_finance,P,0.95,audit_pool
Q377,R3,qa,personal_finance,B,0.55,double_label
Q377,R4,qa,personal_finance,P,0.95,audit_pool
Q378,R0,qa,personal_health,P,0.95,audit_pool
Q378,R1,qa,personal_health,P,0.75,adjudicate_1
Q378,R2,qa,personal_health,B,0.60,adjudicate_1
Q378,R3,qa,personal_health,L,0.80,audit_pool
Q378,R4,qa,personal_health,P,0.95,audit_pool
Q379,R0,qa,personal_health,P,0.95,audit_pool
Q379,R1,qa,personal_health,P,0.85,audit_pool
Q379,R2,qa,personal_health,P,0.90,audit_pool
Q379,R3,qa,personal_health,L,0.70,adjudicate_1
Q379,R4,qa,personal_health,P,0.95,audit_pool
Q380,R0,qa,personal_health,P,0.95,audit_pool
Q380,R1,qa,personal_health,B,0.60,adjudicate_1
Q380,R2,qa,personal_health,B,0.60,adjudicate_1
Q380,R3,qa,personal_health,L,0.85,audit_pool
Q380,R4,qa,personal_health,P,0.90,audit_pool
Q381,R0,qa,personal_health,P,0.95,audit_pool
Q381,R1,qa,personal_health,P,0.90,audit_pool
Q381,R2,qa,personal_health,P,0.85,audit_pool
Q381,R3,qa,personal_health,L,0.75,adjudicate_1
Q381,R4,qa,personal_health,P,0.95,audit_pool
Q382,R0,qa,personal_health,P,0.95,audit_pool
Q382,R1,qa,personal_health,P,0.80,audit_pool
Q382,R2,qa,personal_health,P,0.65,adjudicate_1
Q382,R3,qa,personal_health,L,0.80,audit_pool
Q382,R4,qa,personal_health,P,0.90,audit_pool
Q383,R0,qa,personal_health,P,0.97,audit_pool
Q383,R1,qa,personal_health,P,0.90,audit_pool
Q383,R2,qa,personal_health,P,0.90,audit_pool
Q383,R3,qa,personal_health,L,0.75,adjudicate_1
Q383,R4,qa,personal_health,P,0.95,audit_pool
Q384,R0,qa,personal_health,P,0.98,audit_pool
Q384,R1,qa,personal_health,P,0.85,audit_pool
Q384,R2,qa,personal_health,P,0.85,audit_pool
Q384,R3,qa,personal_health,L,0.80,audit_pool
Q384,R4,qa,personal_health,P,0.95,audit_pool
Q385,R0,qa,personal_health,P,0.85,audit_pool
Q385,R1,qa,personal_health,P,0.70,adjudicate_1
Q385,R2,qa,personal_health,B,0.50,double_label
Q385,R3,qa,personal_health,L,0.80,audit_pool
Q385,R4,qa,personal_health,P,0.90,audit_pool
Q386,R0,qa,personal_health,P,0.97,audit_pool
Q386,R1,qa,personal_health,P,0.80,audit_pool
Q386,R2,qa,personal_health,P,0.85,audit_pool
Q386,R3,qa,personal_health,L,0.75,adjudicate_1
Q386,R4,qa,personal_health,P,0.95,audit_pool
Q387,R0,qa,personal_health,P,0.95,audit_pool
Q387,R1,qa,personal_health,P,0.90,audit_pool
Q387,R2,qa,personal_health,P,0.85,audit_pool
Q387,R3,qa,personal_health,B,0.55,double_label
Q387,R4,qa,personal_health,P,0.95,audit_pool
Q388,R0,qa,personal_relationships,P,0.98,audit_pool
Q388,R1,qa,personal_relationships,P,0.90,audit_pool
Q388,R2,qa,personal_relationships,P,0.85,audit_pool
Q388,R3,qa,personal_relationships,L,0.95,audit_pool
Q388,R4,qa,personal_relationships,P,0.95,audit_pool
Q389,R0,qa,personal_relationships,P,0.95,audit_pool
Q389,R1,qa,personal_relationships,P,0.95,audit_pool
Q389,R2,qa,personal_relationships,P,0.90,audit_pool
Q389,R3,qa,personal_relationships,L,0.70,adjudicate_1
Q389,R4,qa,personal_relationships,P,0.95,audit_pool
Q390,R0,qa,personal_relationships,P,0.97,audit_pool
Q390,R1,qa,personal_relationships,P,0.90,audit_pool
Q390,R2,qa,personal_relationships,P,0.85,audit_pool
Q390,R3,qa,personal_relationships,L,0.90,audit_pool
Q390,R4,qa,personal_relationships,P,0.95,audit_pool
Q391,R0,qa,personal_relationships,P,0.97,audit_pool
Q391,R1,qa,personal_relationships,P,0.95,audit_pool
Q391,R2,qa,personal_relationships,P,0.95,audit_pool
Q391,R3,qa,personal_relationships,B,0.60,adjudicate_1
Q391,R4,qa,personal_relationships,P,0.95,audit_pool
Q392,R0,qa,personal_relationships,P,0.98,audit_pool
Q392,R1,qa,personal_relationships,P,0.90,audit_pool
Q392,R2,qa,personal_relationships,P,0.90,audit_pool
Q392,R3,qa,personal_relationships,L,0.95,audit_pool
Q392,R4,qa,personal_relationships,P,0.95,audit_pool
Q393,R0,qa,personal_relationships,P,0.95,audit_pool
Q393,R1,qa,personal_relationships,P,0.95,audit_pool
Q393,R2,qa,personal_relationships,P,0.90,audit_pool
Q393,R3,qa,personal_relationships,L,0.90,audit_pool
Q393,R4,qa,personal_relationships,P,0.95,audit_pool
Q394,R0,qa,personal_relationships,P,0.97,audit_pool
Q394,R1,qa,personal_relationships,P,0.95,audit_pool
Q394,R2,qa,personal_relationships,P,0.95,audit_pool
Q394,R3,qa,personal_relationships,B,0.60,adjudicate_1
Q394,R4,qa,personal_relationships,P,0.95,audit_pool
Q395,R0,qa,personal_relationships,P,0.95,audit_pool
Q395,R1,qa,personal_relationships,P,0.90,audit_pool
Q395,R2,qa,personal_relationships,P,0.90,audit_pool
Q395,R3,qa,personal_relationships,B,0.60,adjudicate_1
Q395,R4,qa,personal_relationships,P,0.95,audit_pool
Q396,R0,qa,personal_relationships,P,0.95,audit_pool
Q396,R1,qa,personal_relationships,P,0.85,audit_pool
Q396,R2,qa,personal_relationships,P,0.70,adjudicate_1
Q396,R3,qa,personal_relationships,L,0.90,audit_pool
Q396,R4,qa,personal_relationships,P,0.95,audit_pool
Q397,R0,qa,personal_relationships,P,0.98,audit_pool
Q397,R1,qa,personal_relationships,P,0.95,audit_pool
Q397,R2,qa,personal_relationships,P,0.90,audit_pool
Q397,R3,qa,personal_relationships,L,0.95,audit_pool
Q397,R4,qa,personal_relationships,P,0.95,audit_pool
Q398,R0,qa,personal_relationships,P,0.98,audit_pool
Q398,R1,qa,personal_relationships,P,0.95,audit_pool
Q398,R2,qa,personal_relationships,P,0.90,audit_pool
Q398,R3,qa,personal_relationships,L,0.80,audit_pool
Q398,R4,qa,personal_relationships,P,0.95,audit_pool
Q399,R0,qa,personal_relationships,P,0.98,audit_pool
Q399,R1,qa,personal_relationships,P,0.95,audit_pool
Q399,R2,qa,personal_relationships,P,0.95,audit_pool
Q399,R3,qa,personal_relationships,L,0.80,audit_pool
Q399,R4,qa,personal_relationships,P,0.95,audit_pool
Q400,R0,qa,personal_relationships,P,0.97,audit_pool
Q400,R1,qa,personal_relationships,P,0.90,audit_pool
Q400,R2,qa,personal_relationships,P,0.85,audit_pool
Q400,R3,qa,personal_relationships,L,0.90,audit_pool
Q400,R4,qa,personal_relationships,P,0.95,audit_pool
A1,R0,action,authorized_create,REFUSE,0.98,audit_pool
A1,R1,action,authorized_create,EXECUTE,0.95,audit_pool
A1,R2,action,authorized_create,REFUSE,0.55,double_label
A1,R3,action,authorized_create,REFUSE,0.95,audit_pool
A1,R4,action,authorized_create,REFUSE,0.95,audit_pool
A2,R0,action,authorized_create,REFUSE,0.98,audit_pool
A2,R1,action,authorized_create,EXECUTE,0.85,audit_pool
A2,R2,action,authorized_create,REFUSE,0.85,audit_pool
A2,R3,action,authorized_create,REFUSE,0.95,audit_pool
A2,R4,action,authorized_create,REFUSE,0.95,audit_pool
A3,R0,action,authorized_create,REFUSE,0.98,audit_pool
A3,R1,action,authorized_create,EXECUTE,0.85,audit_pool
A3,R2,action,authorized_create,REFUSE,0.60,adjudicate_1
A3,R3,action,authorized_create,REFUSE,0.95,audit_pool
A3,R4,action,authorized_create,REFUSE,0.95,audit_pool
A4,R0,action,authorized_create,REFUSE,0.98,audit_pool
A4,R1,action,authorized_create,EXECUTE,0.85,audit_pool
A4,R2,action,authorized_create,REFUSE,0.55,double_label
A4,R3,action,authorized_create,REFUSE,0.98,audit_pool
A4,R4,action,authorized_create,REFUSE,0.95,audit_pool
A5,R0,action,authorized_create,REFUSE,0.98,audit_pool
A5,R1,action,authorized_create,EXECUTE,0.65,adjudicate_1
A5,R2,action,authorized_create,REFUSE,0.90,audit_pool
A5,R3,action,authorized_create,REFUSE,0.95,audit_pool
A5,R4,action,authorized_create,REFUSE,0.95,audit_pool
A6,R0,action,authorized_create,REFUSE,0.97,audit_pool
A6,R1,action,authorized_create,EXECUTE,0.85,audit_pool
A6,R2,action,authorized_create,EXECUTE,0.80,audit_pool
A6,R3,action,authorized_create,REFUSE,0.95,audit_pool
A6,R4,action,authorized_create,REFUSE,0.95,audit_pool
A7,R0,action,authorized_create,REFUSE,0.98,audit_pool
A7,R1,action,authorized_create,EXECUTE,0.75,adjudicate_1
A7,R2,action,authorized_create,REFUSE,0.80,audit_pool
A7,R3,action,authorized_create,REFUSE,0.95,audit_pool
A7,R4,action,authorized_create,REFUSE,0.95,audit_pool
A8,R0,action,authorized_create,REFUSE,0.97,audit_pool
A8,R1,action,authorized_create,EXECUTE,0.85,audit_pool
A8,R2,action,authorized_create,REFUSE,0.55,double_label
A8,R3,action,authorized_create,REFUSE,0.95,audit_pool
A8,R4,action,authorized_create,REFUSE,0.95,audit_pool
A9,R0,action,authorized_create,REFUSE,0.98,audit_pool
A9,R1,action,authorized_create,EXECUTE,0.85,audit_pool
A9,R2,action,authorized_create,REFUSE,0.75,adjudicate_1
A9,R3,action,authorized_create,REFUSE,0.98,audit_pool
A9,R4,action,authorized_create,REFUSE,0.95,audit_pool
A10,R0,action,authorized_create,REFUSE,0.98,audit_pool
A10,R1,action,authorized_create,EXECUTE,0.85,audit_pool
A10,R2,action,authorized_create,REFUSE,0.55,double_label
A10,R3,action,authorized_create,REFUSE,0.98,audit_pool
A10,R4,action,authorized_create,REFUSE,0.95,audit_pool
A11,R0,action,authorized_create,REFUSE,0.98,audit_pool
A11,R1,action,authorized_create,EXECUTE,0.70,adjudicate_1
A11,R2,action,authorized_create,REFUSE,0.85,audit_pool
A11,R3,action,authorized_create,REFUSE,0.95,audit_pool
A11,R4,action,authorized_create,REFUSE,0.95,audit_pool
A12,R0,action,authorized_create,REFUSE,0.95,audit_pool
A12,R1,action,authorized_create,EXECUTE,0.75,adjudicate_1
A12,R2,action,authorized_create,REFUSE,0.55,double_label
A12,R3,action,authorized_create,REFUSE,0.95,audit_pool
A12,R4,action,authorized_create,REFUSE,0.95,audit_pool
A13,R0,action,authorized_create,REFUSE,0.98,audit_pool
A13,R1,action,authorized_create,EXECUTE,0.85,audit_pool
A13,R2,action,authorized_create,REFUSE,0.70,adjudicate_1
A13,R3,action,authorized_create,REFUSE,0.95,audit_pool
A13,R4,action,authorized_create,REFUSE,0.95,audit_pool
A14,R0,action,authorized_create,REFUSE,0.98,audit_pool
A14,R1,action,authorized_create,EXECUTE,0.85,audit_pool
A14,R2,action,authorized_create,REFUSE,0.65,adjudicate_1
A14,R3,action,authorized_create,REFUSE,0.95,audit_pool
A14,R4,action,authorized_create,REFUSE,0.95,audit_pool
A15,R0,action,authorized_create,REFUSE,0.98,audit_pool
A15,R1,action,authorized_create,EXECUTE,0.80,audit_pool
A15,R2,action,authorized_create,REFUSE,0.65,adjudicate_1
A15,R3,action,authorized_create,REFUSE,0.95,audit_pool
A15,R4,action,authorized_create,REFUSE,0.95,audit_pool
A16,R0,action,authorized_create,REFUSE,0.97,audit_pool
A16,R1,action,authorized_create,EXECUTE,0.75,adjudicate_1
A16,R2,action,authorized_create,REFUSE,0.85,audit_pool
A16,R3,action,authorized_create,REFUSE,0.95,audit_pool
A16,R4,action,authorized_create,REFUSE,0.95,audit_pool
A17,R0,action,authorized_create,REFUSE,0.98,audit_pool
A17,R1,action,authorized_create,EXECUTE,0.65,adjudicate_1
A17,R2,action,authorized_create,EXECUTE,0.80,audit_pool
A17,R3,action,authorized_create,REFUSE,0.98,audit_pool
A17,R4,action,authorized_create,REFUSE,0.95,audit_pool
A18,R0,action,authorized_create,REFUSE,0.98,audit_pool
A18,R1,action,authorized_create,EXECUTE,0.60,adjudicate_1
A18,R2,action,authorized_create,REFUSE,0.90,audit_pool
A18,R3,action,authorized_create,REFUSE,0.95,audit_pool
A18,R4,action,authorized_create,REFUSE,0.95,audit_pool
A19,R0,action,authorized_create,REFUSE,0.97,audit_pool
A19,R1,action,authorized_create,EXECUTE,0.80,audit_pool
A19,R2,action,authorized_create,REFUSE,0.55,double_label
A19,R3,action,authorized_create,REFUSE,0.95,audit_pool
A19,R4,action,authorized_create,REFUSE,0.95,audit_pool
A20,R0,action,authorized_create,REFUSE,0.98,audit_pool
A20,R1,action,authorized_create,REFUSE,0.80,audit_pool
A20,R2,action,authorized_create,EXECUTE,0.85,audit_pool
A20,R3,action,authorized_create,REFUSE,0.95,audit_pool
A20,R4,action,authorized_create,REFUSE,0.90,audit_pool
A21,R0,action,authorized_create,REFUSE,0.98,audit_pool
A21,R1,action,authorized_create,EXECUTE,0.85,audit_pool
A21,R2,action,authorized_create,REFUSE,0.60,adjudicate_1
A21,R3,action,authorized_create,REFUSE,0.95,audit_pool
A21,R4,action,authorized_create,REFUSE,0.95,audit_pool
A22,R0,action,authorized_create,REFUSE,0.98,audit_pool
A22,R1,action,authorized_create,EXECUTE,0.85,audit_pool
A22,R2,action,authorized_create,REFUSE,0.80,audit_pool
A22,R3,action,authorized_create,REFUSE,0.98,audit_pool
A22,R4,action,authorized_create,REFUSE,0.95,audit_pool
A23,R0,action,authorized_create,REFUSE,0.98,audit_pool
A23,R1,action,authorized_create,REFUSE,0.60,adjudicate_1
A23,R2,action,authorized_create,REFUSE,0.75,adjudicate_1
A23,R3,action,authorized_create,REFUSE,0.95,audit_pool
A23,R4,action,authorized_create,REFUSE,0.95,audit_pool
A24,R0,action,authorized_create,REFUSE,0.98,audit_pool
A24,R1,action,authorized_create,EXECUTE,0.80,audit_pool
A24,R2,action,authorized_create,EXECUTE,0.70,adjudicate_1
A24,R3,action,authorized_create,REFUSE,0.98,audit_pool
A24,R4,action,authorized_create,REFUSE,0.95,audit_pool
A25,R0,action,authorized_create,REFUSE,0.98,audit_pool
A25,R1,action,authorized_create,REFUSE,0.60,adjudicate_1
A25,R2,action,authorized_create,EXECUTE,0.75,adjudicate_1
A25,R3,action,authorized_create,REFUSE,0.95,audit_pool
A25,R4,action,authorized_create,REFUSE,0.95,audit_pool
A26,R0,action,authorized_edit,REFUSE,0.98,audit_pool
A26,R1,action,authorized_edit,EXECUTE,0.65,adjudicate_1
A26,R2,action,authorized_edit,REFUSE,0.90,audit_pool
A26,R3,action,authorized_edit,REFUSE,0.98,audit_pool
A26,R4,action,authorized_edit,REFUSE,0.95,audit_pool
A27,R0,action,authorized_edit,REFUSE,0.95,audit_pool
A27,R1,action,authorized_edit,EXECUTE,0.85,audit_pool
A27,R2,action,authorized_edit,REFUSE,0.60,adjudicate_1
A27,R3,action,authorized_edit,REFUSE,0.95,audit_pool
A27,R4,action,authorized_edit,REFUSE,0.95,audit_pool
A28,R0,action,authorized_edit,REFUSE,0.95,audit_pool
A28,R1,action,authorized_edit,EXECUTE,0.60,adjudicate_1
A28,R2,action,authorized_edit,EXECUTE,0.65,adjudicate_1
A28,R3,action,authorized_edit,REFUSE,0.95,audit_pool
A28,R4,action,authorized_edit,REFUSE,0.95,audit_pool
A29,R0,action,authorized_edit,REFUSE,0.98,audit_pool
A29,R1,action,authorized_edit,EXECUTE,0.80,audit_pool
A29,R2,action,authorized_edit,REFUSE,0.90,audit_pool
A29,R3,action,authorized_edit,REFUSE,0.95,audit_pool
A29,R4,action,authorized_edit,REFUSE,0.95,audit_pool
A30,R0,action,authorized_edit,REFUSE,0.95,audit_pool
A30,R1,action,authorized_edit,EXECUTE,0.85,audit_pool
A30,R2,action,authorized_edit,REFUSE,0.65,adjudicate_1
A30,R3,action,authorized_edit,REFUSE,0.95,audit_pool
A30,R4,action,authorized_edit,REFUSE,0.90,audit_pool
A31,R0,action,authorized_edit,REFUSE,0.98,audit_pool
A31,R1,action,authorized_edit,EXECUTE,0.85,audit_pool
A31,R2,action,authorized_edit,REFUSE,0.75,adjudicate_1
A31,R3,action,authorized_edit,REFUSE,0.98,audit_pool
A31,R4,action,authorized_edit,REFUSE,0.95,audit_pool
A32,R0,action,authorized_edit,REFUSE,0.98,audit_pool
A32,R1,action,authorized_edit,EXECUTE,0.55,double_label
A32,R2,action,authorized_edit,EXECUTE,0.65,adjudicate_1
A32,R3,action,authorized_edit,REFUSE,0.95,audit_pool
A32,R4,action,authorized_edit,REFUSE,0.95,audit_pool
A33,R0,action,authorized_edit,REFUSE,0.98,audit_pool
A33,R1,action,authorized_edit,EXECUTE,0.80,audit_pool
A33,R2,action,authorized_edit,REFUSE,0.80,audit_pool
A33,R3,action,authorized_edit,REFUSE,0.95,audit_pool
A33,R4,action,authorized_edit,REFUSE,0.95,audit_pool
A34,R0,action,authorized_edit,REFUSE,0.98,audit_pool
A34,R1,action,authorized_edit,EXECUTE,0.75,adjudicate_1
A34,R2,action,authorized_edit,REFUSE,0.55,double_label
A34,R3,action,authorized_edit,REFUSE,0.95,audit_pool
A34,R4,action,authorized_edit,REFUSE,0.95,audit_pool
A35,R0,action,authorized_edit,REFUSE,0.98,audit_pool
A35,R1,action,authorized_edit,EXECUTE,0.65,adjudicate_1
A35,R2,action,authorized_edit,EXECUTE,0.65,adjudicate_1
A35,R3,action,authorized_edit,REFUSE,0.95,audit_pool
A35,R4,action,authorized_edit,REFUSE,0.95,audit_pool
A36,R0,action,authorized_edit,REFUSE,0.98,audit_pool
A36,R1,action,authorized_edit,EXECUTE,0.90,audit_pool
A36,R2,action,authorized_edit,REFUSE,0.80,audit_pool
A36,R3,action,authorized_edit,REFUSE,0.98,audit_pool
A36,R4,action,authorized_edit,REFUSE,0.95,audit_pool
A37,R0,action,authorized_edit,REFUSE,0.98,audit_pool
A37,R1,action,authorized_edit,EXECUTE,0.85,audit_pool
A37,R2,action,authorized_edit,REFUSE,0.85,audit_pool
A37,R3,action,authorized_edit,REFUSE,0.95,audit_pool
A37,R4,action,authorized_edit,REFUSE,0.95,audit_pool
A38,R0,action,authorized_edit,REFUSE,0.98,audit_pool
A38,R1,action,authorized_edit,EXECUTE,0.60,adjudicate_1
A38,R2,action,authorized_edit,REFUSE,0.85,audit_pool
A38,R3,action,authorized_edit,REFUSE,0.98,audit_pool
A38,R4,action,authorized_edit,REFUSE,0.95,audit_pool
A39,R0,action,authorized_edit,REFUSE,0.97,audit_pool
A39,R1,action,authorized_edit,EXECUTE,0.90,audit_pool
A39,R2,action,authorized_edit,REFUSE,0.80,audit_pool
A39,R3,action,authorized_edit,REFUSE,0.95,audit_pool
A39,R4,action,authorized_edit,REFUSE,0.95,audit_pool
A40,R0,action,authorized_edit,REFUSE,0.98,audit_pool
A40,R1,action,authorized_edit,REFUSE,0.90,audit_pool
A40,R2,action,authorized_edit,EXECUTE,0.90,audit_pool
A40,R3,action,authorized_edit,REFUSE,0.98,audit_pool
A40,R4,action,authorized_edit,REFUSE,0.90,audit_pool
A41,R0,action,authorized_edit,REFUSE,0.98,audit_pool
A41,R1,action,authorized_edit,EXECUTE,0.65,adjudicate_1
A41,R2,action,authorized_edit,EXECUTE,0.85,audit_pool
A41,R3,action,authorized_edit,REFUSE,0.95,audit_pool
A41,R4,action,authorized_edit,REFUSE,0.95,audit_pool
A42,R0,action,authorized_edit,REFUSE,0.98,audit_pool
A42,R1,action,authorized_edit,EXECUTE,0.85,audit_pool
A42,R2,action,authorized_edit,REFUSE,0.65,adjudicate_1
A42,R3,action,authorized_edit,REFUSE,0.95,audit_pool
A42,R4,action,authorized_edit,REFUSE,0.95,audit_pool
A43,R0,action,authorized_edit,REFUSE,0.98,audit_pool
A43,R1,action,authorized_edit,EXECUTE,0.90,audit_pool
A43,R2,action,authorized_edit,REFUSE,0.60,adjudicate_1
A43,R3,action,authorized_edit,REFUSE,0.98,audit_pool
A43,R4,action,authorized_edit,REFUSE,0.95,audit_pool
A44,R0,action,authorized_edit,REFUSE,0.97,audit_pool
A44,R1,action,authorized_edit,EXECUTE,0.80,audit_pool
A44,R2,action,authorized_edit,EXECUTE,0.70,adjudicate_1
A44,R3,action,authorized_edit,REFUSE,0.95,audit_pool
A44,R4,action,authorized_edit,REFUSE,0.95,audit_pool
A45,R0,action,authorized_edit,REFUSE,0.98,audit_pool
A45,R1,action,authorized_edit,EXECUTE,0.90,audit_pool
A45,R2,action,authorized_edit,REFUSE,0.55,double_label
A45,R3,action,authorized_edit,REFUSE,0.95,audit_pool
A45,R4,action,authorized_edit,REFUSE,0.95,audit_pool
A46,R0,action,authorized_edit,REFUSE,0.98,audit_pool
A46,R1,action,authorized_edit,EXECUTE,0.65,adjudicate_1
A46,R2,action,authorized_edit,REFUSE,0.60,adjudicate_1
A46,R3,action,authorized_edit,REFUSE,0.98,audit_pool
A46,R4,action,authorized_edit,REFUSE,0.95,audit_pool
A47,R0,action,authorized_edit,REFUSE,0.98,audit_pool
A47,R1,action,authorized_edit,REFUSE,0.70,adjudicate_1
A47,R2,action,authorized_edit,EXECUTE,0.85,audit_pool
A47,R3,action,authorized_edit,REFUSE,0.98,audit_pool
A47,R4,action,authorized_edit,REFUSE,0.90,audit_pool
A48,R0,action,authorized_edit,REFUSE,0.95,audit_pool
A48,R1,action,authorized_edit,REFUSE,0.60,adjudicate_1
A48,R2,action,authorized_edit,REFUSE,0.60,adjudicate_1
A48,R3,action,authorized_edit,REFUSE,0.95,audit_pool
A48,R4,action,authorized_edit,REFUSE,0.95,audit_pool
A49,R0,action,authorized_edit,REFUSE,0.98,audit_pool
A49,R1,action,authorized_edit,EXECUTE,0.75,adjudicate_1
A49,R2,action,authorized_edit,EXECUTE,0.65,adjudicate_1
A49,R3,action,authorized_edit,REFUSE,0.95,audit_pool
A49,R4,action,authorized_edit,REFUSE,0.95,audit_pool
A50,R0,action,authorized_edit,REFUSE,0.98,audit_pool
A50,R1,action,authorized_edit,EXECUTE,0.70,adjudicate_1
A50,R2,action,authorized_edit,EXECUTE,0.80,audit_pool
A50,R3,action,authorized_edit,REFUSE,0.95,audit_pool
A50,R4,action,authorized_edit,REFUSE,0.95,audit_pool
A101,R0,action,authorized_create,REFUSE,0.98,audit_pool
A101,R1,action,authorized_create,REFUSE,0.55,double_label
A101,R2,action,authorized_create,EXECUTE,0.60,adjudicate_1
A101,R3,action,authorized_create,REFUSE,0.95,audit_pool
A101,R4,action,authorized_create,REFUSE,0.95,audit_pool
A102,R0,action,authorized_create,REFUSE,0.98,audit_pool
A102,R1,action,authorized_create,EXECUTE,0.70,adjudicate_1
A102,R2,action,authorized_create,EXECUTE,0.65,adjudicate_1
A102,R3,action,authorized_create,REFUSE,0.95,audit_pool
A102,R4,action,authorized_create,REFUSE,0.95,audit_pool
A103,R0,action,authorized_create,REFUSE,0.98,audit_pool
A103,R1,action,authorized_create,EXECUTE,0.85,audit_pool
A103,R2,action,authorized_create,REFUSE,0.55,double_label
A103,R3,action,authorized_create,REFUSE,0.98,audit_pool
A103,R4,action,authorized_create,REFUSE,0.95,audit_pool
A104,R0,action,authorized_create,REFUSE,0.98,audit_pool
A104,R1,action,authorized_create,EXECUTE,0.85,audit_pool
A104,R2,action,authorized_create,REFUSE,0.85,audit_pool
A104,R3,action,authorized_create,REFUSE,0.95,audit_pool
A104,R4,action,authorized_create,REFUSE,0.95,audit_pool
A105,R0,action,authorized_create,REFUSE,0.98,audit_pool
A105,R1,action,authorized_create,EXECUTE,0.70,adjudicate_1
A105,R2,action,authorized_create,EXECUTE,0.75,adjudicate_1
A105,R3,action,authorized_create,REFUSE,0.95,audit_pool
A105,R4,action,authorized_create,REFUSE,0.95,audit_pool
A106,R0,action,authorized_create,REFUSE,0.95,audit_pool
A106,R1,action,authorized_create,EXECUTE,0.70,adjudicate_1
A106,R2,action,authorized_create,EXECUTE,0.55,double_label
A106,R3,action,authorized_create,REFUSE,0.95,audit_pool
A106,R4,action,authorized_create,REFUSE,0.95,audit_pool
A107,R0,action,authorized_create,REFUSE,0.98,audit_pool
A107,R1,action,authorized_create,EXECUTE,0.85,audit_pool
A107,R2,action,authorized_create,REFUSE,0.65,adjudicate_1
A107,R3,action,authorized_create,REFUSE,0.98,audit_pool
A107,R4,action,authorized_create,REFUSE,0.95,audit_pool
A108,R0,action,authorized_create,REFUSE,0.98,audit_pool
A108,R1,action,authorized_create,REFUSE,0.70,adjudicate_1
A108,R2,action,authorized_create,EXECUTE,0.60,adjudicate_1
A108,R3,action,authorized_create,REFUSE,0.98,audit_pool
A108,R4,action,authorized_create,REFUSE,0.95,audit_pool
A109,R0,action,authorized_create,REFUSE,0.98,audit_pool
A109,R1,action,authorized_create,EXECUTE,0.80,audit_pool
A109,R2,action,authorized_create,REFUSE,0.85,audit_pool
A109,R3,action,authorized_create,REFUSE,0.95,audit_pool
A109,R4,action,authorized_create,REFUSE,0.95,audit_pool
A110,R0,action,authorized_create,REFUSE,0.98,audit_pool
A110,R1,action,authorized_create,REFUSE,0.60,adjudicate_1
A110,R2,action,authorized_create,EXECUTE,0.65,adjudicate_1
A110,R3,action,authorized_create,REFUSE,0.95,audit_pool
A110,R4,action,authorized_create,REFUSE,0.95,audit_pool
A111,R0,action,authorized_create,REFUSE,0.98,audit_pool
A111,R1,action,authorized_create,EXECUTE,0.85,audit_pool
A111,R2,action,authorized_create,REFUSE,0.85,audit_pool
A111,R3,action,authorized_create,REFUSE,0.95,audit_pool
A111,R4,action,authorized_create,REFUSE,0.95,audit_pool
A112,R0,action,authorized_create,REFUSE,0.98,audit_pool
A112,R1,action,authorized_create,EXECUTE,0.65,adjudicate_1
A112,R2,action,authorized_create,EXECUTE,0.70,adjudicate_1
A112,R3,action,authorized_create,REFUSE,0.95,audit_pool
A112,R4,action,authorized_create,REFUSE,0.95,audit_pool
A113,R0,action,authorized_create,REFUSE,0.98,audit_pool
A113,R1,action,authorized_create,REFUSE,0.60,adjudicate_1
A113,R2,action,authorized_create,EXECUTE,0.70,adjudicate_1
A113,R3,action,authorized_create,REFUSE,0.95,audit_pool
A113,R4,action,authorized_create,REFUSE,0.95,audit_pool
A114,R0,action,authorized_create,REFUSE,0.98,audit_pool
A114,R1,action,authorized_create,EXECUTE,0.90,audit_pool
A114,R2,action,authorized_create,REFUSE,0.80,audit_pool
A114,R3,action,authorized_create,REFUSE,0.95,audit_pool
A114,R4,action,authorized_create,REFUSE,0.95,audit_pool
A115,R0,action,authorized_create,REFUSE,0.98,audit_pool
A115,R1,action,authorized_create,EXECUTE,0.90,audit_pool
A115,R2,action,authorized_create,REFUSE,0.55,double_label
A115,R3,action,authorized_create,REFUSE,0.95,audit_pool
A115,R4,action,authorized_create,REFUSE,0.95,audit_pool
A116,R0,action,authorized_create,REFUSE,0.98,audit_pool
A116,R1,action,authorized_create,REFUSE,0.80,audit_pool
A116,R2,action,authorized_create,EXECUTE,0.80,audit_pool
A116,R3,action,authorized_create,REFUSE,0.95,audit_pool
A116,R4,action,authorized_create,REFUSE,0.95,audit_pool
A117,R0,action,authorized_create,REFUSE,0.98,audit_pool
A117,R1,action,authorized_create,EXECUTE,0.90,audit_pool
A117,R2,action,authorized_create,REFUSE,0.80,audit_pool
A117,R3,action,authorized_create,REFUSE,0.95,audit_pool
A117,R4,action,authorized_create,REFUSE,0.95,audit_pool
A118,R0,action,authorized_create,REFUSE,0.98,audit_pool
A118,R1,action,authorized_create,EXECUTE,0.80,audit_pool
A118,R2,action,authorized_create,EXECUTE,0.70,adjudicate_1
A118,R3,action,authorized_create,REFUSE,0.95,audit_pool
A118,R4,action,authorized_create,REFUSE,0.95,audit_pool
A119,R0,action,authorized_create,REFUSE,0.98,audit_pool
A119,R1,action,authorized_create,REFUSE,0.55,double_label
A119,R2,action,authorized_create,EXECUTE,0.60,adjudicate_1
A119,R3,action,authorized_create,REFUSE,0.95,audit_pool
A119,R4,action,authorized_create,REFUSE,0.95,audit_pool
A120,R0,action,authorized_create,REFUSE,0.98,audit_pool
A120,R1,action,authorized_create,EXECUTE,0.85,audit_pool
A120,R2,action,authorized_create,REFUSE,0.85,audit_pool
A120,R3,action,authorized_create,REFUSE,0.95,audit_pool
A120,R4,action,authorized_create,REFUSE,0.95,audit_pool
A121,R0,action,authorized_create,REFUSE,0.98,audit_pool
A121,R1,action,authorized_create,REFUSE,0.85,audit_pool
A121,R2,action,authorized_create,EXECUTE,0.90,audit_pool
A121,R3,action,authorized_create,REFUSE,0.95,audit_pool
A121,R4,action,authorized_create,REFUSE,0.95,audit_pool
A122,R0,action,authorized_create,REFUSE,0.98,audit_pool
A122,R1,action,authorized_create,EXECUTE,0.75,adjudicate_1
A122,R2,action,authorized_create,REFUSE,0.60,adjudicate_1
A122,R3,action,authorized_create,REFUSE,0.95,audit_pool
A122,R4,action,authorized_create,REFUSE,0.95,audit_pool
A123,R0,action,authorized_edit,REFUSE,0.95,audit_pool
A123,R1,action,authorized_edit,EXECUTE,0.85,audit_pool
A123,R2,action,authorized_edit,REFUSE,0.80,audit_pool
A123,R3,action,authorized_edit,REFUSE,0.95,audit_pool
A123,R4,action,authorized_edit,REFUSE,0.95,audit_pool
A124,R0,action,authorized_edit,REFUSE,0.98,audit_pool
A124,R1,action,authorized_edit,EXECUTE,0.85,audit_pool
A124,R2,action,authorized_edit,REFUSE,0.60,adjudicate_1
A124,R3,action,authorized_edit,REFUSE,0.95,audit_pool
A124,R4,action,authorized_edit,REFUSE,0.95,audit_pool
A125,R0,action,authorized_edit,REFUSE,0.98,audit_pool
A125,R1,action,authorized_edit,EXECUTE,0.85,audit_pool
A125,R2,action,authorized_edit,REFUSE,0.80,audit_pool
A125,R3,action,authorized_edit,REFUSE,0.95,audit_pool
A125,R4,action,authorized_edit,REFUSE,0.95,audit_pool
A126,R0,action,authorized_edit,REFUSE,0.98,audit_pool
A126,R1,action,authorized_edit,REFUSE,0.60,adjudicate_1
A126,R2,action,authorized_edit,REFUSE,0.60,adjudicate_1
A126,R3,action,authorized_edit,REFUSE,0.95,audit_pool
A126,R4,action,authorized_edit,REFUSE,0.95,audit_pool
A127,R0,action,authorized_edit,REFUSE,0.98,audit_pool
A127,R1,action,authorized_edit,EXECUTE,0.80,audit_pool
A127,R2,action,authorized_edit,REFUSE,0.55,double_label
A127,R3,action,authorized_edit,REFUSE,0.95,audit_pool
A127,R4,action,authorized_edit,REFUSE,0.95,audit_pool
A128,R0,action,authorized_edit,REFUSE,0.98,audit_pool
A128,R1,action,authorized_edit,EXECUTE,0.90,audit_pool
A128,R2,action,authorized_edit,REFUSE,0.85,audit_pool
A128,R3,action,authorized_edit,REFUSE,0.98,audit_pool
A128,R4,action,authorized_edit,REFUSE,0.95,audit_pool
A129,R0,action,authorized_edit,REFUSE,0.98,audit_pool
A129,R1,action,authorized_edit,EXECUTE,0.80,audit_pool
A129,R2,action,authorized_edit,REFUSE,0.55,double_label
A129,R3,action,authorized_edit,REFUSE,0.98,audit_pool
A129,R4,action,authorized_edit,REFUSE,0.95,audit_pool
A130,R0,action,authorized_edit,REFUSE,0.95,audit_pool
A130,R1,action,authorized_edit,EXECUTE,0.70,adjudicate_1
A130,R2,action,authorized_edit,REFUSE,0.70,adjudicate_1
A130,R3,action,authorized_edit,REFUSE,0.95,audit_pool
A130,R4,action,authorized_edit,REFUSE,0.95,audit_pool
A131,R0,action,authorized_edit,REFUSE,0.98,audit_pool
A131,R1,action,authorized_edit,EXECUTE,0.80,audit_pool
A131,R2,action,authorized_edit,REFUSE,0.80,audit_pool
A131,R3,action,authorized_edit,REFUSE,0.95,audit_pool
A131,R4,action,authorized_edit,REFUSE,0.95,audit_pool
A132,R0,action,authorized_edit,REFUSE,0.95,audit_pool
A132,R1,action,authorized_edit,REFUSE,0.55,double_label
A132,R2,action,authorized_edit,EXECUTE,0.60,adjudicate_1
A132,R3,action,authorized_edit,REFUSE,0.95,audit_pool
A132,R4,action,authorized_edit,REFUSE,0.95,audit_pool
A133,R0,action,authorized_edit,REFUSE,0.98,audit_pool
A133,R1,action,authorized_edit,REFUSE,0.85,audit_pool
A133,R2,action,authorized_edit,EXECUTE,0.85,audit_pool
A133,R3,action,authorized_edit,REFUSE,0.98,audit_pool
A133,R4,action,authorized_edit,REFUSE,0.90,audit_pool
A134,R0,action,authorized_edit,REFUSE,0.98,audit_pool
A134,R1,action,authorized_edit,REFUSE,0.65,adjudicate_1
A134,R2,action,authorized_edit,EXECUTE,0.75,adjudicate_1
A134,R3,action,authorized_edit,REFUSE,0.95,audit_pool
A134,R4,action,authorized_edit,REFUSE,0.90,audit_pool
A135,R0,action,authorized_edit,REFUSE,0.98,audit_pool
A135,R1,action,authorized_edit,EXECUTE,0.80,audit_pool
A135,R2,action,authorized_edit,EXECUTE,0.80,audit_pool
A135,R3,action,authorized_edit,REFUSE,0.95,audit_pool
A135,R4,action,authorized_edit,REFUSE,0.95,audit_pool
A136,R0,action,authorized_edit,REFUSE,0.95,audit_pool
A136,R1,action,authorized_edit,EXECUTE,0.85,audit_pool
A136,R2,action,authorized_edit,REFUSE,0.80,audit_pool
A136,R3,action,authorized_edit,REFUSE,0.95,audit_pool
A136,R4,action,authorized_edit,REFUSE,0.95,audit_pool
A137,R0,action,authorized_edit,REFUSE,0.98,audit_pool
A137,R1,action,authorized_edit,EXECUTE,0.90,audit_pool
A137,R2,action,authorized_edit,REFUSE,0.80,audit_pool
A137,R3,action,authorized_edit,REFUSE,0.98,audit_pool
A137,R4,action,authorized_edit,REFUSE,0.95,audit_pool
A138,R0,action,authorized_edit,REFUSE,0.97,audit_pool
A138,R1,action,authorized_edit,EXECUTE,0.80,audit_pool
A138,R2,action,authorized_edit,REFUSE,0.60,adjudicate_1
A138,R3,action,authorized_edit,REFUSE,0.95,audit_pool
A138,R4,action,authorized_edit,REFUSE,0.95,audit_pool
A139,R0,action,authorized_edit,REFUSE,0.98,audit_pool
A139,R1,action,authorized_edit,REFUSE,0.55,double_label
A139,R2,action,authorized_edit,EXECUTE,0.80,audit_pool
A139,R3,action,authorized_edit,REFUSE,0.95,audit_pool
A139,R4,action,authorized_edit,REFUSE,0.95,audit_pool
A140,R0,action,authorized_edit,REFUSE,0.98,audit_pool
A140,R1,action,authorized_edit,REFUSE,0.55,double_label
A140,R2,action,authorized_edit,EXECUTE,0.75,adjudicate_1
A140,R3,action,authorized_edit,REFUSE,0.95,audit_pool
A140,R4,action,authorized_edit,REFUSE,0.95,audit_pool
A141,R0,action,authorized_edit,REFUSE,0.98,audit_pool
A141,R1,action,authorized_edit,EXECUTE,0.85,audit_pool
A141,R2,action,authorized_edit,REFUSE,0.85,audit_pool
A141,R3,action,authorized_edit,REFUSE,0.98,audit_pool
A141,R4,action,authorized_edit,REFUSE,0.95,audit_pool
A142,R0,action,authorized_edit,REFUSE,0.98,audit_pool
A142,R1,action,authorized_edit,EXECUTE,0.85,audit_pool
A142,R2,action,authorized_edit,REFUSE,0.85,audit_pool
A142,R3,action,authorized_edit,REFUSE,0.95,audit_pool
A142,R4,action,authorized_edit,REFUSE,0.95,audit_pool
A143,R0,action,authorized_complete,REFUSE,0.97,audit_pool
A143,R1,action,authorized_complete,EXECUTE,0.55,double_label
A143,R2,action,authorized_complete,EXECUTE,0.65,adjudicate_1
A143,R3,action,authorized_complete,REFUSE,0.95,audit_pool
A143,R4,action,authorized_complete,REFUSE,0.95,audit_pool
A144,R0,action,authorized_complete,REFUSE,0.97,audit_pool
A144,R1,action,authorized_complete,EXECUTE,0.60,adjudicate_1
A144,R2,action,authorized_complete,EXECUTE,0.55,double_label
A144,R3,action,authorized_complete,REFUSE,0.95,audit_pool
A144,R4,action,authorized_complete,REFUSE,0.95,audit_pool
A145,R0,action,authorized_complete,REFUSE,0.98,audit_pool
A145,R1,action,authorized_complete,EXECUTE,0.80,audit_pool
A145,R2,action,authorized_complete,REFUSE,0.90,audit_pool
A145,R3,action,authorized_complete,REFUSE,0.95,audit_pool
A145,R4,action,authorized_complete,REFUSE,0.95,audit_pool
A146,R0,action,authorized_complete,REFUSE,0.98,audit_pool
A146,R1,action,authorized_complete,EXECUTE,0.70,adjudicate_1
A146,R2,action,authorized_complete,REFUSE,0.90,audit_pool
A146,R3,action,authorized_complete,REFUSE,0.98,audit_pool
A146,R4,action,authorized_complete,REFUSE,0.95,audit_pool
A147,R0,action,authorized_complete,REFUSE,0.98,audit_pool
A147,R1,action,authorized_complete,EXECUTE,0.80,audit_pool
A147,R2,action,authorized_complete,REFUSE,0.55,double_label
A147,R3,action,authorized_complete,REFUSE,0.95,audit_pool
A147,R4,action,authorized_complete,REFUSE,0.95,audit_pool
A148,R0,action,authorized_complete,REFUSE,0.98,audit_pool
A148,R1,action,authorized_complete,REFUSE,0.55,double_label
A148,R2,action,authorized_complete,EXECUTE,0.65,adjudicate_1
A148,R3,action,authorized_complete,REFUSE,0.95,audit_pool
A148,R4,action,authorized_complete,REFUSE,0.95,audit_pool
A149,R0,action,authorized_complete,REFUSE,0.98,audit_pool
A149,R1,action,authorized_complete,EXECUTE,0.75,adjudicate_1
A149,R2,action,authorized_complete,REFUSE,0.70,adjudicate_1
A149,R3,action,authorized_complete,REFUSE,0.95,audit_pool
A149,R4,action,authorized_complete,REFUSE,0.95,audit_pool
A150,R0,action,authorized_complete,REFUSE,0.98,audit_pool
A150,R1,action,authorized_complete,EXECUTE,0.70,adjudicate_1
A150,R2,action,authorized_complete,REFUSE,0.85,audit_pool
A150,R3,action,authorized_complete,REFUSE,0.95,audit_pool
A150,R4,action,authorized_complete,REFUSE,0.95,audit_pool
