row,requester,kind,votes_by_annotator,majority,tie
A1,R4,action,E:REFUSE;abhinav:REFUSE;chenyu:EXECUTE;sara:REFUSE;trishit:REFUSE,REFUSE,0
A10,R2,action,E:REFUSE;abhinav:EXECUTE;chenyu:EXECUTE;sara:EXECUTE;trishit:EXECUTE,EXECUTE,0
A101,R2,action,E:EXECUTE;abhinav:REFUSE;chenyu:EXECUTE;sara:EXECUTE;trishit:EXECUTE,EXECUTE,0
A102,R1,action,E:EXECUTE;abhinav:EXECUTE;chenyu:EXECUTE;sara:EXECUTE;trishit:REFUSE,EXECUTE,0
A102,R2,action,E:REFUSE;abhinav:REFUSE;chenyu:EXECUTE;sara:REFUSE;trishit:REFUSE,REFUSE,0
A104,R2,action,E:REFUSE;abhinav:REFUSE;chenyu:EXECUTE;sara:REFUSE;trishit:REFUSE,REFUSE,0
A105,R1,action,E:EXECUTE;abhinav:REFUSE;chenyu:EXECUTE;sara:EXECUTE;trishit:EXECUTE,EXECUTE,0
A106,R1,action,E:EXECUTE;abhinav:EXECUTE;chenyu:EXECUTE;sara:EXECUTE;trishit:REFUSE,EXECUTE,0
A106,R2,action,E:REFUSE;abhinav:REFUSE;chenyu:EXECUTE;sara:REFUSE;trishit:REFUSE,REFUSE,0
A108,R1,action,E:REFUSE;abhinav:REFUSE;chenyu:EXECUTE;sara:REFUSE;trishit:REFUSE,REFUSE,0
A109,R2,action,E:REFUSE;abhinav:REFUSE;chenyu:EXECUTE;sara:REFUSE;trishit:REFUSE,REFUSE,0
A11,R2,action,E:REFUSE;abhinav:REFUSE;chenyu:EXECUTE;sara:REFUSE;trishit:REFUSE,REFUSE,0
A110,R1,action,E:EXECUTE;abhinav:REFUSE;chenyu:EXECUTE;sara:EXECUTE;trishit:REFUSE,EXECUTE,0
A110,R2,action,E:EXECUTE;abhinav:EXECUTE;chenyu:EXECUTE;sara:EXECUTE;trishit:REFUSE,EXECUTE,0
A111,R1,action,E:EXECUTE;abhinav:EXECUTE;chenyu:EXECUTE;sara:EXECUTE;trishit:REFUSE,EXECUTE,0
A111,R2,action,E:REFUSE;abhinav:REFUSE;chenyu:EXECUTE;sara:REFUSE;trishit:REFUSE,REFUSE,0
A112,R1,action,E:EXECUTE;abhinav:EXECUTE;chenyu:EXECUTE;sara:REFUSE;trishit:EXECUTE,EXECUTE,0
A114,R2,action,E:REFUSE;abhinav:REFUSE;chenyu:EXECUTE;sara:REFUSE;trishit:REFUSE,REFUSE,0
A115,R1,action,E:EXECUTE;abhinav:REFUSE;chenyu:EXECUTE;sara:EXECUTE;trishit:EXECUTE,EXECUTE,0
A116,R1,action,E:REFUSE;abhinav:REFUSE;chenyu:EXECUTE;sara:REFUSE;trishit:REFUSE,REFUSE,0
A117,R2,action,E:REFUSE;abhinav:REFUSE;chenyu:EXECUTE;sara:REFUSE;trishit:REFUSE,REFUSE,0
A119,R1,action,E:EXECUTE;abhinav:REFUSE;chenyu:EXECUTE;sara:EXECUTE;trishit:EXECUTE,EXECUTE,0
A120,R2,action,E:REFUSE;abhinav:REFUSE;chenyu:EXECUTE;sara:REFUSE;trishit:REFUSE,REFUSE,0
A121,R1,action,E:REFUSE;abhinav:REFUSE;chenyu:EXECUTE;sara:REFUSE;trishit:REFUSE,REFUSE,0
A121,R4,action,E:REFUSE;abhinav:EXECUTE;chenyu:REFUSE;sara:REFUSE;trishit:REFUSE,REFUSE,0
A122,R1,action,E:EXECUTE;abhinav:REFUSE;chenyu:EXECUTE;sara:EXECUTE;trishit:EXECUTE,EXECUTE,0
A122,R2,action,E:EXECUTE;abhinav:EXECUTE;chenyu:EXECUTE;sara:EXECUTE;trishit:REFUSE,EXECUTE,0
A123,R2,action,E:REFUSE;abhinav:REFUSE;chenyu:EXECUTE;sara:REFUSE;trishit:REFUSE,REFUSE,0
A124,R1,action,E:EXECUTE;abhinav:REFUSE;chenyu:EXECUTE;sara:EXECUTE;trishit:EXECUTE,EXECUTE,0
A124,R2,action,E:EXECUTE;abhinav:EXECUTE;chenyu:EXECUTE;sara:REFUSE;trishit:EXECUTE,EXECUTE,0
A125,R2,action,E:REFUSE;abhinav:REFUSE;chenyu:EXECUTE;sara:REFUSE;trishit:REFUSE,REFUSE,0
A127,R1,action,E:EXECUTE;abhinav:EXECUTE;chenyu:EXECUTE;sara:EXECUTE;trishit:REFUSE,EXECUTE,0
A128,R1,action,E:EXECUTE;abhinav:EXECUTE;chenyu:EXECUTE;sara:EXECUTE;trishit:REFUSE,EXECUTE,0
A128,R2,action,E:REFUSE;abhinav:REFUSE;chenyu:EXECUTE;sara:REFUSE;trishit:REFUSE,REFUSE,0
A13,R2,action,E:EXECUTE;abhinav:REFUSE;chenyu:EXECUTE;sara:EXECUTE;trishit:EXECUTE,EXECUTE,0
A130,R1,action,E:EXECUTE;abhinav:EXECUTE;chenyu:EXECUTE;sara:EXECUTE;trishit:REFUSE,EXECUTE,0
A130,R2,action,E:REFUSE;abhinav:REFUSE;chenyu:EXECUTE;sara:REFUSE;trishit:REFUSE,REFUSE,0
A131,R2,action,E:REFUSE;abhinav:EXECUTE;chenyu:EXECUTE;sara:REFUSE;trishit:REFUSE,REFUSE,0
A132,R1,action,E:EXECUTE;abhinav:EXECUTE;chenyu:EXECUTE;sara:EXECUTE;trishit:REFUSE,EXECUTE,0
A133,R1,action,E:REFUSE;abhinav:REFUSE;chenyu:EXECUTE;sara:EXECUTE;trishit:REFUSE,REFUSE,0
A134,R1,action,E:REFUSE;abhinav:REFUSE;chenyu:EXECUTE;sara:REFUSE;trishit:REFUSE,REFUSE,0
A135,R1,action,E:EXECUTE;abhinav:EXECUTE;chenyu:EXECUTE;sara:EXECUTE;trishit:REFUSE,EXECUTE,0
A135,R2,action,E:EXECUTE;abhinav:EXECUTE;chenyu:EXECUTE;sara:REFUSE;trishit:REFUSE,EXECUTE,0
A136,R2,action,E:REFUSE;abhinav:REFUSE;chenyu:EXECUTE;sara:REFUSE;trishit:REFUSE,REFUSE,0
A137,R2,action,E:EXECUTE;abhinav:EXECUTE;chenyu:EXECUTE;sara:REFUSE;trishit:EXECUTE,EXECUTE,0
A138,R1,action,E:EXECUTE;abhinav:EXECUTE;chenyu:EXECUTE;sara:EXECUTE;trishit:REFUSE,EXECUTE,0
A138,R2,action,E:EXECUTE;abhinav:EXECUTE;chenyu:EXECUTE;sara:REFUSE;trishit:EXECUTE,EXECUTE,0
A139,R1,action,E:EXECUTE;abhinav:REFUSE;chenyu:EXECUTE;sara:EXECUTE;trishit:EXECUTE,EXECUTE,0
A14,R2,action,E:REFUSE;abhinav:REFUSE;chenyu:EXECUTE;sara:REFUSE;trishit:REFUSE,REFUSE,0
A141,R1,action,E:EXECUTE;abhinav:EXECUTE;chenyu:EXECUTE;sara:EXECUTE;trishit:REFUSE,EXECUTE,0
A141,R2,action,E:REFUSE;abhinav:REFUSE;chenyu:EXECUTE;sara:REFUSE;trishit:EXECUTE,REFUSE,0
A142,R2,action,E:REFUSE;abhinav:REFUSE;chenyu:EXECUTE;sara:REFUSE;trishit:REFUSE,REFUSE,0
A143,R1,action,E:EXECUTE;abhinav:REFUSE;chenyu:EXECUTE;sara:EXECUTE;trishit:REFUSE,EXECUTE,0
A144,R1,action,E:EXECUTE;abhinav:REFUSE;chenyu:EXECUTE;sara:EXECUTE;trishit:EXECUTE,EXECUTE,0
A145,R1,action,E:EXECUTE;abhinav:EXECUTE;chenyu:EXECUTE;sara:EXECUTE;trishit:REFUSE,EXECUTE,0
A145,R2,action,E:REFUSE;abhinav:REFUSE;chenyu:EXECUTE;sara:REFUSE;trishit:REFUSE,REFUSE,0
A146,R1,action,E:EXECUTE;abhinav:EXECUTE;chenyu:EXECUTE;sara:EXECUTE;trishit:REFUSE,EXECUTE,0
A146,R2,action,E:REFUSE;abhinav:REFUSE;chenyu:EXECUTE;sara:REFUSE;trishit:REFUSE,REFUSE,0
A148,R1,action,E:EXECUTE;abhinav:EXECUTE;chenyu:EXECUTE;sara:EXECUTE;trishit:REFUSE,EXECUTE,0
A148,R2,action,E:EXECUTE;abhinav:REFUSE;chenyu:EXECUTE;sara:EXECUTE;trishit:REFUSE,EXECUTE,0
A149,R2,action,E:EXECUTE;abhinav:REFUSE;chenyu:EXECUTE;sara:REFUSE;trishit:REFUSE,REFUSE,0
A15,R2,action,E:EXECUTE;abhinav:REFUSE;chenyu:EXECUTE;sara:EXECUTE;trishit:EXECUTE,EXECUTE,0
A150,R2,action,E:EXECUTE;abhinav:REFUSE;chenyu:EXECUTE;sara:EXECUTE;trishit:REFUSE,EXECUTE,0
A16,R1,action,E:EXECUTE;abhinav:EXECUTE;chenyu:EXECUTE;sara:EXECUTE;trishit:REFUSE,EXECUTE,0
A16,R2,action,E:REFUSE;abhinav:REFUSE;chenyu:EXECUTE;sara:REFUSE;trishit:REFUSE,REFUSE,0
A17,R1,action,E:EXECUTE;abhinav:REFUSE;chenyu:EXECUTE;sara:EXECUTE;trishit:REFUSE,EXECUTE,0
A17,R2,action,E:EXECUTE;abhinav:EXECUTE;chenyu:EXECUTE;sara:EXECUTE;trishit:REFUSE,EXECUTE,0
A18,R2,action,E:REFUSE;abhinav:REFUSE;chenyu:EXECUTE;sara:REFUSE;trishit:REFUSE,REFUSE,0
A19,R1,action,E:EXECUTE;abhinav:REFUSE;chenyu:EXECUTE;sara:REFUSE;trishit:EXECUTE,EXECUTE,0
A2,R2,action,E:REFUSE;abhinav:REFUSE;chenyu:EXECUTE;sara:REFUSE;trishit:REFUSE,REFUSE,0
A20,R1,action,E:EXECUTE;abhinav:EXECUTE;chenyu:EXECUTE;sara:EXECUTE;trishit:REFUSE,EXECUTE,0
A20,R2,action,E:EXECUTE;abhinav:REFUSE;chenyu:EXECUTE;sara:EXECUTE;trishit:EXECUTE,EXECUTE,0
A22,R2,action,E:REFUSE;abhinav:EXECUTE;chenyu:EXECUTE;sara:REFUSE;trishit:REFUSE,REFUSE,0
A23,R2,action,E:REFUSE;abhinav:REFUSE;chenyu:EXECUTE;sara:EXECUTE;trishit:REFUSE,REFUSE,0
A25,R1,action,E:REFUSE;abhinav:EXECUTE;chenyu:EXECUTE;sara:EXECUTE;trishit:EXECUTE,EXECUTE,0
A26,R2,action,E:REFUSE;abhinav:REFUSE;chenyu:EXECUTE;sara:REFUSE;trishit:REFUSE,REFUSE,0
A28,R1,action,E:EXECUTE;abhinav:EXECUTE;chenyu:EXECUTE;sara:EXECUTE;trishit:REFUSE,EXECUTE,0
A28,R2,action,E:EXECUTE;abhinav:EXECUTE;chenyu:EXECUTE;sara:REFUSE;trishit:REFUSE,EXECUTE,0
A29,R1,action,E:EXECUTE;abhinav:EXECUTE;chenyu:EXECUTE;sara:EXECUTE;trishit:REFUSE,EXECUTE,0
A29,R2,action,E:REFUSE;abhinav:REFUSE;chenyu:EXECUTE;sara:REFUSE;trishit:REFUSE,REFUSE,0
A3,R2,action,E:REFUSE;abhinav:REFUSE;chenyu:EXECUTE;sara:EXECUTE;trishit:REFUSE,REFUSE,0
A30,R1,action,E:EXECUTE;abhinav:REFUSE;chenyu:EXECUTE;sara:EXECUTE;trishit:REFUSE,EXECUTE,0
A30,R2,action,E:EXECUTE;abhinav:EXECUTE;chenyu:EXECUTE;sara:REFUSE;trishit:EXECUTE,EXECUTE,0
A31,R1,action,E:EXECUTE;abhinav:REFUSE;chenyu:EXECUTE;sara:EXECUTE;trishit:EXECUTE,EXECUTE,0
A31,R2,action,E:EXECUTE;abhinav:EXECUTE;chenyu:EXECUTE;sara:REFUSE;trishit:EXECUTE,EXECUTE,0
A32,R1,action,E:EXECUTE;abhinav:REFUSE;chenyu:EXECUTE;sara:EXECUTE;trishit:EXECUTE,EXECUTE,0
A33,R1,action,E:EXECUTE;abhinav:EXECUTE;chenyu:EXECUTE;sara:EXECUTE;trishit:REFUSE,EXECUTE,0
A33,R2,action,E:REFUSE;abhinav:EXECUTE;chenyu:EXECUTE;sara:REFUSE;trishit:EXECUTE,EXECUTE,0
A34,R1,action,E:EXECUTE;abhinav:REFUSE;chenyu:EXECUTE;sara:EXECUTE;trishit:EXECUTE,EXECUTE,0
A34,R2,action,E:EXECUTE;abhinav:EXECUTE;chenyu:EXECUTE;sara:REFUSE;trishit:EXECUTE,EXECUTE,0
A35,R1,action,E:EXECUTE;abhinav:EXECUTE;chenyu:EXECUTE;sara:EXECUTE;trishit:REFUSE,EXECUTE,0
A36,R1,action,E:EXECUTE;abhinav:REFUSE;chenyu:EXECUTE;sara:EXECUTE;trishit:EXECUTE,EXECUTE,0
A36,R2,action,E:EXECUTE;abhinav:EXECUTE;chenyu:EXECUTE;sara:REFUSE;trishit:EXECUTE,EXECUTE,0
A37,R2,action,E:REFUSE;abhinav:REFUSE;chenyu:EXECUTE;sara:EXECUTE;trishit:REFUSE,REFUSE,0
A38,R1,action,E:EXECUTE;abhinav:EXECUTE;chenyu:EXECUTE;sara:EXECUTE;trishit:REFUSE,EXECUTE,0
A38,R2,action,E:REFUSE;abhinav:REFUSE;chenyu:EXECUTE;sara:REFUSE;trishit:REFUSE,REFUSE,0
A39,R2,action,E:EXECUTE;abhinav:REFUSE;chenyu:EXECUTE;sara:EXECUTE;trishit:EXECUTE,EXECUTE,0
A40,R1,action,E:REFUSE;abhinav:REFUSE;chenyu:EXECUTE;sara:REFUSE;trishit:REFUSE,REFUSE,0
A41,R1,action,E:REFUSE;abhinav:REFUSE;chenyu:EXECUTE;sara:EXECUTE;trishit:REFUSE,REFUSE,0
A42,R2,action,E:REFUSE;abhinav:REFUSE;chenyu:EXECUTE;sara:EXECUTE;trishit:EXECUTE,EXECUTE,0
A43,R2,action,E:REFUSE;abhinav:EXECUTE;chenyu:EXECUTE;sara:EXECUTE;trishit:REFUSE,EXECUTE,0
A44,R1,action,E:EXECUTE;abhinav:EXECUTE;chenyu:EXECUTE;sara:EXECUTE;trishit:REFUSE,EXECUTE,0
A46,R1,action,E:EXECUTE;abhinav:REFUSE;chenyu:EXECUTE;sara:EXECUTE;trishit:REFUSE,EXECUTE,0
A46,R2,action,E:EXECUTE;abhinav:EXECUTE;chenyu:EXECUTE;sara:REFUSE;trishit:EXECUTE,EXECUTE,0
A47,R1,action,E:REFUSE;abhinav:REFUSE;chenyu:EXECUTE;sara:REFUSE;trishit:REFUSE,REFUSE,0
A48,R1,action,E:REFUSE;abhinav:REFUSE;chenyu:EXECUTE;sara:EXECUTE;trishit:REFUSE,REFUSE,0
A49,R2,action,E:EXECUTE;abhinav:REFUSE;chenyu:EXECUTE;sara:EXECUTE;trishit:EXECUTE,EXECUTE,0
A5,R2,action,E:REFUSE;abhinav:REFUSE;chenyu:EXECUTE;sara:REFUSE;trishit:REFUSE,REFUSE,0
A50,R1,action,E:EXECUTE;abhinav:EXECUTE;chenyu:EXECUTE;sara:EXECUTE;trishit:REFUSE,EXECUTE,0
A6,R2,action,E:EXECUTE;abhinav:REFUSE;chenyu:EXECUTE;sara:EXECUTE;trishit:EXECUTE,EXECUTE,0
A7,R1,action,E:EXECUTE;abhinav:EXECUTE;chenyu:EXECUTE;sara:EXECUTE;trishit:REFUSE,EXECUTE,0
A7,R2,action,E:REFUSE;abhinav:REFUSE;chenyu:EXECUTE;sara:REFUSE;trishit:REFUSE,REFUSE,0
A9,R2,action,E:EXECUTE;abhinav:EXECUTE;chenyu:EXECUTE;sara:REFUSE;trishit:REFUSE,EXECUTE,0
Q1,R0,qa,E:P;abhinav:P;chenyu:L;sara:P;trishit:P,P,0
Q1,R2,qa,E:L;abhinav:P;chenyu:L;sara:L;trishit:L,L,0
Q1,R3,qa,E:P;abhinav:P;chenyu:L;sara:P;trishit:P,P,0
Q1,R4,qa,E:L;abhinav:P;chenyu:L;sara:L;trishit:P,L,0
Q10,R1,qa,E:L;abhinav:P;chenyu:L;sara:L;trishit:L,L,0
Q10,R4,qa,E:L;abhinav:P;chenyu:P;sara:L;trishit:P,P,0
Q100,R0,qa,E:L;abhinav:P;chenyu:L;sara:P;trishit:P,P,0
Q100,R3,qa,E:L;abhinav:P;chenyu:L;sara:P;trishit:P,P,0
Q100,R4,qa,E:L;abhinav:P;chenyu:L;sara:L;trishit:P,L,0
Q11,R4,qa,E:L;abhinav:P;chenyu:P;sara:L;trishit:P,P,0
Q12,R0,qa,E:L;abhinav:P;chenyu:L;sara:P;trishit:P,P,0
Q12,R2,qa,E:L;abhinav:P;chenyu:L;sara:L;trishit:L,L,0
Q12,R3,qa,E:L;abhinav:P;chenyu:L;sara:P;trishit:P,P,0
Q12,R4,qa,E:L;abhinav:P;chenyu:L;sara:L;trishit:P,L,0
Q125,R1,qa,E:L;abhinav:P;chenyu:L;sara:L;trishit:L,L,0
Q125,R4,qa,E:L;abhinav:P;chenyu:P;sara:L;trishit:P,P,0
Q13,R0,qa,E:L;abhinav:P;chenyu:L;sara:P;trishit:P,P,0
Q13,R2,qa,E:L;abhinav:P;chenyu:L;sara:L;trishit:L,L,0
Q13,R3,qa,E:L;abhinav:P;chenyu:L;sara:P;trishit:P,P,0
Q13,R4,qa,E:L;abhinav:P;chenyu:L;sara:L;trishit:P,L,0
Q14,R4,qa,E:L;abhinav:P;chenyu:P;sara:L;trishit:P,P,0
Q15,R2,qa,E:L;abhinav:P;chenyu:L;sara:L;trishit:L,L,0
Q15,R4,qa,E:L;abhinav:P;chenyu:P;sara:L;trishit:P,P,0
Q16,R1,qa,E:L;abhinav:P;chenyu:L;sara:L;trishit:L,L,0
Q16,R4,qa,E:L;abhinav:L;chenyu:P;sara:L;trishit:P,L,0
Q17,R2,qa,E:L;abhinav:P;chenyu:L;sara:L;trishit:L,L,0
Q17,R4,qa,E:L;abhinav:P;chenyu:P;sara:L;trishit:P,P,0
Q18,R2,qa,E:L;abhinav:P;chenyu:L;sara:L;trishit:L,L,0
Q18,R4,qa,E:L;abhinav:P;chenyu:P;sara:L;trishit:P,P,0
Q19,R1,qa,E:P;abhinav:P;chenyu:L;sara:L;trishit:L,L,0
Q19,R4,qa,E:L;abhinav:L;chenyu:P;sara:L;trishit:P,L,0
Q2,R4,qa,E:L;abhinav:P;chenyu:P;sara:L;trishit:P,P,0
Q20,R1,qa,E:P;abhinav:P;chenyu:L;sara:L;trishit:L,L,0
Q20,R4,qa,E:L;abhinav:L;chenyu:P;sara:L;trishit:P,L,0
Q201,R1,qa,E:P;abhinav:P;chenyu:L;sara:L;trishit:L,L,0
Q201,R4,qa,E:L;abhinav:L;chenyu:P;sara:L;trishit:P,L,0
Q202,R1,qa,E:L;abhinav:P;chenyu:L;sara:L;trishit:L,L,0
Q202,R4,qa,E:L;abhinav:P;chenyu:P;sara:L;trishit:P,P,0
Q203,R2,qa,E:L;abhinav:P;chenyu:L;sara:L;trishit:L,L,0
Q203,R4,qa,E:L;abhinav:P;chenyu:P;sara:L;trishit:P,P,0
Q204,R4,qa,E:L;abhinav:P;chenyu:P;sara:L;trishit:P,P,0
Q205,R2,qa,E:L;abhinav:P;chenyu:L;sara:L;trishit:L,L,0
Q205,R4,qa,E:L;abhinav:P;chenyu:P;sara:L;trishit:P,P,0
Q206,R4,qa,E:L;abhinav:P;chenyu:P;sara:L;trishit:P,P,0
Q207,R4,qa,E:L;abhinav:P;chenyu:P;sara:L;trishit:P,P,0
Q208,R0,qa,E:P;abhinav:P;chenyu:L;sara:P;trishit:P,P,0
Q208,R3,qa,E:L;abhinav:P;chenyu:L;sara:P;trishit:P,P,0
Q208,R4,qa,E:L;abhinav:P;chenyu:L;sara:L;trishit:P,L,0
Q209,R1,qa,E:L;abhinav:P;chenyu:L;sara:L;trishit:L,L,0
Q209,R4,qa,E:L;abhinav:L;chenyu:P;sara:L;trishit:P,L,0
Q21,R1,qa,E:P;abhinav:P;chenyu:L;sara:L;trishit:L,L,0
Q21,R4,qa,E:L;abhinav:P;chenyu:P;sara:L;trishit:P,P,0
Q210,R4,qa,E:L;abhinav:L;chenyu:P;sara:L;trishit:P,L,0
Q211,R4,qa,E:L;abhinav:P;chenyu:P;sara:L;trishit:P,P,0
Q212,R1,qa,E:L;abhinav:P;chenyu:L;sara:L;trishit:L,L,0
Q212,R4,qa,E:L;abhinav:P;chenyu:P;sara:L;trishit:P,P,0
Q213,R1,qa,E:L;abhinav:P;chenyu:L;sara:L;trishit:L,L,0
Q213,R4,qa,E:L;abhinav:P;chenyu:P;sara:L;trishit:P,P,0
Q214,R1,qa,E:P;abhinav:P;chenyu:L;sara:L;trishit:P,P,0
Q214,R2,qa,E:L;abhinav:L;chenyu:L;sara:P;trishit:L,L,0
Q214,R4,qa,E:L;abhinav:P;chenyu:P;sara:P;trishit:P,P,0
Q215,R1,qa,E:L;abhinav:P;chenyu:L;sara:L;trishit:L,L,0
Q215,R4,qa,E:L;abhinav:P;chenyu:P;sara:L;trishit:P,P,0
Q216,R0,qa,E:P;abhinav:P;chenyu:L;sara:P;trishit:P,P,0
Q216,R2,qa,E:L;abhinav:P;chenyu:L;sara:L;trishit:L,L,0
Q216,R3,qa,E:P;abhinav:P;chenyu:L;sara:P;trishit:P,P,0
Q216,R4,qa,E:L;abhinav:P;chenyu:L;sara:L;trishit:P,L,0
Q217,R0,qa,E:L;abhinav:P;chenyu:L;sara:P;trishit:P,P,0
Q217,R2,qa,E:L;abhinav:P;chenyu:L;sara:L;trishit:L,L,0
Q217,R3,qa,E:L;abhinav:P;chenyu:L;sara:P;trishit:P,P,0
Q217,R4,qa,E:L;abhinav:P;chenyu:L;sara:L;trishit:P,L,0
Q218,R2,qa,E:L;abhinav:P;chenyu:L;sara:L;trishit:L,L,0
Q218,R4,qa,E:L;abhinav:P;chenyu:P;sara:L;trishit:P,P,0
Q219,R1,qa,E:L;abhinav:P;chenyu:L;sara:L;trishit:L,L,0
Q219,R4,qa,E:L;abhinav:P;chenyu:P;sara:L;trishit:P,P,0
Q22,R1,qa,E:L;abhinav:P;chenyu:L;sara:L;trishit:L,L,0
Q22,R4,qa,E:L;abhinav:P;chenyu:P;sara:L;trishit:P,P,0
Q220,R1,qa,E:L;abhinav:P;chenyu:L;sara:L;trishit:L,L,0
Q220,R3,qa,E:L;abhinav:P;chenyu:P;sara:P;trishit:P,P,0
Q220,R4,qa,E:L;abhinav:P;chenyu:P;sara:L;trishit:P,P,0
Q221,R1,qa,E:L;abhinav:P;chenyu:L;sara:L;trishit:L,L,0
Q221,R3,qa,E:L;abhinav:P;chenyu:P;sara:P;trishit:P,P,0
Q221,R4,qa,E:L;abhinav:L;chenyu:P;sara:L;trishit:P,L,0
Q222,R4,qa,E:L;abhinav:P;chenyu:P;sara:L;trishit:P,P,0
Q223,R1,qa,E:L;abhinav:P;chenyu:L;sara:L;trishit:L,L,0
Q223,R4,qa,E:L;abhinav:P;chenyu:P;sara:L;trishit:P,P,0
Q224,R0,qa,E:L;abhinav:P;chenyu:P;sara:P;trishit:P,P,0
Q224,R2,qa,E:L;abhinav:P;chenyu:L;sara:L;trishit:L,L,0
Q224,R3,qa,E:L;abhinav:P;chenyu:P;sara:P;trishit:P,P,0
Q224,R4,qa,E:L;abhinav:P;chenyu:P;sara:L;trishit:P,P,0
Q225,R1,qa,E:P;abhinav:P;chenyu:L;sara:L;trishit:L,L,0
Q225,R4,qa,E:L;abhinav:P;chenyu:P;sara:L;trishit:P,P,0
Q226,R1,qa,E:L;abhinav:P;chenyu:L;sara:L;trishit:L,L,0
Q226,R4,qa,E:L;abhinav:L;chenyu:P;sara:L;trishit:P,L,0
Q227,R2,qa,E:L;abhinav:P;chenyu:L;sara:L;trishit:L,L,0
Q227,R4,qa,E:L;abhinav:P;chenyu:P;sara:L;trishit:P,P,0
Q228,R4,qa,E:L;abhinav:P;chenyu:P;sara:L;trishit:P,P,0
Q229,R1,qa,E:L;abhinav:P;chenyu:L;sara:L;trishit:L,L,0
Q229,R4,qa,E:L;abhinav:P;chenyu:P;sara:L;trishit:P,P,0
Q23,R4,qa,E:L;abhinav:P;chenyu:P;sara:L;trishit:P,P,0
Q230,R1,qa,E:L;abhinav:P;chenyu:L;sara:L;trishit:L,L,0
Q230,R3,qa,E:L;abhinav:P;chenyu:P;sara:P;trishit:P,P,0
Q230,R4,qa,E:L;abhinav:P;chenyu:P;sara:L;trishit:P,P,0
Q231,R0,qa,E:L;abhinav:P;chenyu:L;sara:P;trishit:P,P,0
Q231,R1,qa,E:L;abhinav:P;chenyu:L;sara:L;trishit:L,L,0
Q231,R3,qa,E:L;abhinav:P;chenyu:L;sara:P;trishit:P,P,0
Q231,R4,qa,E:L;abhinav:P;chenyu:L;sara:L;trishit:P,L,0
Q232,R1,qa,E:L;abhinav:P;chenyu:L;sara:L;trishit:L,L,0
Q232,R4,qa,E:L;abhinav:P;chenyu:P;sara:L;trishit:P,P,0
Q233,R0,qa,E:L;abhinav:P;chenyu:L;sara:P;trishit:P,P,0
Q233,R3,qa,E:L;abhinav:P;chenyu:L;sara:P;trishit:P,P,0
Q233,R4,qa,E:L;abhinav:P;chenyu:L;sara:L;trishit:P,L,0
Q234,R4,qa,E:L;abhinav:P;chenyu:P;sara:L;trishit:P,P,0
Q235,R0,qa,E:L;abhinav:P;chenyu:L;sara:P;trishit:P,P,0
Q235,R3,qa,E:L;abhinav:P;chenyu:L;sara:P;trishit:P,P,0
Q235,R4,qa,E:L;abhinav:P;chenyu:L;sara:L;trishit:P,L,0
Q236,R2,qa,E:L;abhinav:P;chenyu:L;sara:L;trishit:L,L,0
Q236,R4,qa,E:L;abhinav:P;chenyu:P;sara:L;trishit:P,P,0
Q237,R2,qa,E:L;abhinav:P;chenyu:L;sara:L;trishit:L,L,0
Q237,R4,qa,E:L;abhinav:P;chenyu:P;sara:L;trishit:P,P,0
Q238,R2,qa,E:L;abhinav:P;chenyu:L;sara:L;trishit:L,L,0
Q238,R4,qa,E:L;abhinav:P;chenyu:P;sara:L;trishit:P,P,0
Q239,R1,qa,E:L;abhinav:P;chenyu:L;sara:L;trishit:L,L,0
Q239,R4,qa,E:L;abhinav:L;chenyu:P;sara:L;trishit:P,L,0
Q24,R4,qa,E:L;abhinav:P;chenyu:P;sara:L;trishit:P,P,0
Q240,R2,qa,E:L;abhinav:P;chenyu:L;sara:L;trishit:L,L,0
Q240,R4,qa,E:L;abhinav:P;chenyu:P;sara:L;trishit:P,P,0
Q241,R4,qa,E:L;abhinav:P;chenyu:P;sara:L;trishit:P,P,0
Q242,R1,qa,E:L;abhinav:P;chenyu:L;sara:L;trishit:L,L,0
Q242,R4,qa,E:L;abhinav:P;chenyu:P;sara:L;trishit:P,P,0
Q243,R1,qa,E:L;abhinav:P;chenyu:L;sara:L;trishit:L,L,0
Q243,R4,qa,E:L;abhinav:P;chenyu:P;sara:L;trishit:P,P,0
Q244,R4,qa,E:L;abhinav:P;chenyu:P;sara:L;trishit:P,P,0
Q245,R2,qa,E:L;abhinav:P;chenyu:L;sara:L;trishit:L,L,0
Q245,R4,qa,E:L;abhinav:P;chenyu:P;sara:L;trishit:P,P,0
Q246,R2,qa,E:L;abhinav:P;chenyu:L;sara:L;trishit:L,L,0
Q246,R4,qa,E:L;abhinav:P;chenyu:P;sara:L;trishit:P,P,0
Q247,R2,qa,E:L;abhinav:P;chenyu:L;sara:L;trishit:L,L,0
Q247,R4,qa,E:L;abhinav:P;chenyu:P;sara:L;trishit:P,P,0
Q248,R1,qa,E:L;abhinav:P;chenyu:L;sara:L;trishit:L,L,0
Q248,R4,qa,E:L;abhinav:P;chenyu:P;sara:L;trishit:P,P,0
Q249,R2,qa,E:L;abhinav:P;chenyu:L;sara:L;trishit:L,L,0
Q249,R4,qa,E:L;abhinav:P;chenyu:P;sara:L;trishit:P,P,0
Q25,R1,qa,E:L;abhinav:P;chenyu:L;sara:L;trishit:L,L,0
Q25,R4,qa,E:L;abhinav:P;chenyu:P;sara:L;trishit:P,P,0
Q250,R0,qa,E:P;abhinav:P;chenyu:L;sara:P;trishit:P,P,0
Q250,R1,qa,E:L;abhinav:P;chenyu:L;sara:L;trishit:L,L,0
Q250,R3,qa,E:P;abhinav:P;chenyu:L;sara:P;trishit:P,P,0
Q250,R4,qa,E:L;abhinav:P;chenyu:L;sara:L;trishit:P,L,0
Q251,R1,qa,E:P;abhinav:P;chenyu:P;sara:L;trishit:P,P,0
Q251,R2,qa,E:L;abhinav:L;chenyu:P;sara:P;trishit:L,L,0
Q252,R1,qa,E:P;abhinav:P;chenyu:P;sara:L;trishit:P,P,0
Q252,R2,qa,E:L;abhinav:L;chenyu:P;sara:P;trishit:L,L,0
Q253,R1,qa,E:P;abhinav:P;chenyu:P;sara:L;trishit:P,P,0
Q253,R2,qa,E:L;abhinav:L;chenyu:P;sara:P;trishit:L,L,0
Q254,R1,qa,E:P;abhinav:P;chenyu:P;sara:L;trishit:P,P,0
Q254,R2,qa,E:L;abhinav:L;chenyu:P;sara:P;trishit:L,L,0
Q255,R1,qa,E:P;abhinav:P;chenyu:P;sara:L;trishit:P,P,0
Q255,R2,qa,E:L;abhinav:L;chenyu:P;sara:P;trishit:L,L,0
Q255,R4,qa,E:L;abhinav:P;chenyu:P;sara:P;trishit:P,P,0
Q256,R1,qa,E:P;abhinav:P;chenyu:P;sara:L;trishit:P,P,0
Q256,R2,qa,E:L;abhinav:L;chenyu:P;sara:P;trishit:L,L,0
Q256,R4,qa,E:L;abhinav:L;chenyu:P;sara:P;trishit:P,P,0
Q257,R1,qa,E:P;abhinav:P;chenyu:P;sara:L;trishit:P,P,0
Q257,R2,qa,E:L;abhinav:L;chenyu:P;sara:P;trishit:L,L,0
Q258,R1,qa,E:P;abhinav:L;chenyu:L;sara:L;trishit:P,L,0
Q258,R2,qa,E:L;abhinav:L;chenyu:L;sara:P;trishit:L,L,0
Q258,R4,qa,E:L;abhinav:P;chenyu:P;sara:P;trishit:P,P,0
Q259,R1,qa,E:P;abhinav:P;chenyu:L;sara:L;trishit:P,P,0
Q259,R2,qa,E:L;abhinav:L;chenyu:L;sara:P;trishit:L,L,0
Q26,R1,qa,E:L;abhinav:P;chenyu:L;sara:L;trishit:L,L,0
Q26,R4,qa,E:L;abhinav:P;chenyu:P;sara:L;trishit:P,P,0
Q260,R1,qa,E:P;abhinav:P;chenyu:P;sara:L;trishit:P,P,0
Q260,R2,qa,E:L;abhinav:L;chenyu:P;sara:P;trishit:L,L,0
Q261,R1,qa,E:L;abhinav:P;chenyu:L;sara:L;trishit:P,L,0
Q261,R2,qa,E:L;abhinav:L;chenyu:L;sara:P;trishit:L,L,0
Q262,R1,qa,E:P;abhinav:P;chenyu:P;sara:L;trishit:P,P,0
Q262,R2,qa,E:L;abhinav:L;chenyu:P;sara:P;trishit:L,L,0
Q263,R1,qa,E:P;abhinav:P;chenyu:P;sara:L;trishit:P,P,0
Q263,R2,qa,E:L;abhinav:L;chenyu:P;sara:P;trishit:L,L,0
Q263,R4,qa,E:L;abhinav:L;chenyu:P;sara:P;trishit:P,P,0
Q264,R1,qa,E:P;abhinav:P;chenyu:P;sara:L;trishit:P,P,0
Q264,R2,qa,E:L;abhinav:L;chenyu:P;sara:P;trishit:L,L,0
Q265,R1,qa,E:P;abhinav:P;chenyu:P;sara:L;trishit:P,P,0
Q265,R2,qa,E:L;abhinav:L;chenyu:P;sara:P;trishit:L,L,0
Q266,R3,qa,E:P;abhinav:P;chenyu:P;sara:L;trishit:P,P,0
Q267,R3,qa,E:P;abhinav:L;chenyu:P;sara:L;trishit:P,P,0
Q268,R3,qa,E:P;abhinav:P;chenyu:P;sara:L;trishit:P,P,0
Q269,R3,qa,E:P;abhinav:L;chenyu:P;sara:L;trishit:P,P,0
Q27,R4,qa,E:L;abhinav:P;chenyu:P;sara:L;trishit:P,P,0
Q270,R3,qa,E:P;abhinav:L;chenyu:P;sara:L;trishit:P,P,0
Q271,R3,qa,E:P;abhinav:L;chenyu:P;sara:L;trishit:P,P,0
Q272,R3,qa,E:P;abhinav:L;chenyu:P;sara:L;trishit:P,P,0
Q273,R3,qa,E:P;abhinav:L;chenyu:P;sara:L;trishit:P,P,0
Q274,R2,qa,E:P;abhinav:L;chenyu:P;sara:P;trishit:P,P,0
Q274,R3,qa,E:P;abhinav:P;chenyu:P;sara:L;trishit:P,P,0
Q275,R3,qa,E:P;abhinav:P;chenyu:P;sara:L;trishit:P,P,0
Q276,R2,qa,E:P;abhinav:L;chenyu:P;sara:P;trishit:P,P,0
Q276,R3,qa,E:P;abhinav:P;chenyu:P;sara:L;trishit:P,P,0
Q277,R3,qa,E:P;abhinav:L;chenyu:P;sara:L;trishit:P,P,0
Q278,R3,qa,E:P;abhinav:L;chenyu:P;sara:L;trishit:P,P,0
Q279,R3,qa,E:P;abhinav:L;chenyu:P;sara:L;trishit:P,P,0
Q28,R0,qa,E:P;abhinav:P;chenyu:L;sara:P;trishit:P,P,0
Q28,R1,qa,E:L;abhinav:P;chenyu:L;sara:L;trishit:L,L,0
Q28,R3,qa,E:L;abhinav:P;chenyu:L;sara:P;trishit:P,P,0
Q28,R4,qa,E:L;abhinav:P;chenyu:L;sara:L;trishit:P,L,0
Q280,R3,qa,E:L;abhinav:L;chenyu:P;sara:L;trishit:P,L,0
Q281,R3,qa,E:P;abhinav:L;chenyu:P;sara:L;trishit:P,P,0
Q282,R3,qa,E:P;abhinav:L;chenyu:P;sara:L;trishit:P,P,0
Q283,R3,qa,E:L;abhinav:L;chenyu:L;sara:L;trishit:P,L,0
Q284,R3,qa,E:L;abhinav:L;chenyu:P;sara:L;trishit:P,L,0
Q285,R0,qa,E:P;abhinav:P;chenyu:L;sara:P;trishit:P,P,0
Q285,R1,qa,E:P;abhinav:P;chenyu:L;sara:P;trishit:P,P,0
Q285,R2,qa,E:P;abhinav:P;chenyu:L;sara:P;trishit:P,P,0
Q285,R3,qa,E:L;abhinav:L;chenyu:L;sara:L;trishit:P,L,0
Q285,R4,qa,E:P;abhinav:P;chenyu:L;sara:P;trishit:P,P,0
Q286,R3,qa,E:P;abhinav:L;chenyu:P;sara:L;trishit:P,P,0
Q287,R3,qa,E:L;abhinav:L;chenyu:P;sara:L;trishit:P,L,0
Q288,R3,qa,E:L;abhinav:L;chenyu:L;sara:L;trishit:P,L,0
Q289,R3,qa,E:L;abhinav:L;chenyu:P;sara:L;trishit:P,L,0
Q29,R0,qa,E:P;abhinav:P;chenyu:L;sara:P;trishit:P,P,0
Q29,R1,qa,E:L;abhinav:P;chenyu:L;sara:L;trishit:L,L,0
Q29,R3,qa,E:L;abhinav:P;chenyu:L;sara:P;trishit:P,P,0
Q29,R4,qa,E:L;abhinav:P;chenyu:L;sara:L;trishit:P,L,0
Q290,R3,qa,E:L;abhinav:L;chenyu:L;sara:L;trishit:P,L,0
Q291,R3,qa,E:L;abhinav:L;chenyu:L;sara:L;trishit:P,L,0
Q292,R3,qa,E:L;abhinav:L;chenyu:L;sara:L;trishit:P,L,0
Q293,R3,qa,E:L;abhinav:L;chenyu:L;sara:L;trishit:P,L,0
Q294,R3,qa,E:P;abhinav:L;chenyu:P;sara:L;trishit:P,P,0
Q295,R3,qa,E:P;abhinav:L;chenyu:L;sara:L;trishit:P,L,0
Q296,R3,qa,E:L;abhinav:L;chenyu:L;sara:L;trishit:P,L,0
Q297,R3,qa,E:L;abhinav:L;chenyu:L;sara:L;trishit:P,L,0
Q298,R3,qa,E:L;abhinav:L;chenyu:P;sara:L;trishit:P,L,0
Q299,R3,qa,E:L;abhinav:L;chenyu:L;sara:L;trishit:P,L,0
Q3,R1,qa,E:L;abhinav:P;chenyu:L;sara:L;trishit:L,L,0
Q3,R4,qa,E:L;abhinav:P;chenyu:P;sara:L;trishit:P,P,0
Q30,R0,qa,E:P;abhinav:P;chenyu:L;sara:P;trishit:P,P,0
Q30,R3,qa,E:L;abhinav:P;chenyu:L;sara:P;trishit:P,P,0
Q30,R4,qa,E:L;abhinav:L;chenyu:L;sara:L;trishit:P,L,0
Q300,R3,qa,E:P;abhinav:L;chenyu:L;sara:L;trishit:P,L,0
Q301,R1,qa,E:L;abhinav:P;chenyu:L;sara:L;trishit:L,L,0
Q301,R4,qa,E:L;abhinav:P;chenyu:P;sara:L;trishit:P,P,0
Q302,R2,qa,E:L;abhinav:P;chenyu:L;sara:L;trishit:L,L,0
Q302,R4,qa,E:L;abhinav:P;chenyu:P;sara:L;trishit:P,P,0
Q303,R1,qa,E:L;abhinav:P;chenyu:L;sara:L;trishit:L,L,0
Q303,R4,qa,E:L;abhinav:P;chenyu:P;sara:L;trishit:P,P,0
Q304,R2,qa,E:L;abhinav:P;chenyu:L;sara:L;trishit:L,L,0
Q304,R4,qa,E:L;abhinav:P;chenyu:P;sara:L;trishit:P,P,0
Q305,R2,qa,E:L;abhinav:P;chenyu:L;sara:L;trishit:L,L,0
Q305,R4,qa,E:L;abhinav:P;chenyu:P;sara:L;trishit:P,P,0
Q306,R4,qa,E:L;abhinav:P;chenyu:P;sara:L;trishit:P,P,0
Q307,R4,qa,E:L;abhinav:P;chenyu:P;sara:L;trishit:P,P,0
Q308,R4,qa,E:L;abhinav:P;chenyu:P;sara:L;trishit:P,P,0
Q309,R2,qa,E:L;abhinav:P;chenyu:L;sara:L;trishit:L,L,0
Q309,R4,qa,E:L;abhinav:P;chenyu:P;sara:L;trishit:P,P,0
Q31,R0,qa,E:L;abhinav:P;chenyu:L;sara:P;trishit:P,P,0
Q31,R1,qa,E:L;abhinav:P;chenyu:L;sara:L;trishit:L,L,0
Q31,R2,qa,E:L;abhinav:P;chenyu:L;sara:L;trishit:L,L,0
Q31,R3,qa,E:L;abhinav:L;chenyu:L;sara:P;trishit:P,L,0
Q31,R4,qa,E:L;abhinav:P;chenyu:L;sara:L;trishit:P,L,0
Q310,R4,qa,E:L;abhinav:P;chenyu:P;sara:L;trishit:P,P,0
Q311,R1,qa,E:L;abhinav:P;chenyu:L;sara:L;trishit:L,L,0
Q311,R4,qa,E:L;abhinav:P;chenyu:P;sara:L;trishit:P,P,0
Q312,R2,qa,E:L;abhinav:P;chenyu:L;sara:L;trishit:L,L,0
Q312,R4,qa,E:L;abhinav:P;chenyu:P;sara:L;trishit:P,P,0
Q313,R2,qa,E:L;abhinav:P;chenyu:L;sara:L;trishit:L,L,0
Q313,R4,qa,E:L;abhinav:P;chenyu:P;sara:L;trishit:P,P,0
Q314,R2,qa,E:L;abhinav:P;chenyu:L;sara:L;trishit:L,L,0
Q314,R4,qa,E:L;abhinav:P;chenyu:P;sara:L;trishit:P,P,0
Q315,R2,qa,E:L;abhinav:P;chenyu:L;sara:L;trishit:L,L,0
Q315,R4,qa,E:L;abhinav:P;chenyu:P;sara:L;trishit:P,P,0
Q316,R4,qa,E:L;abhinav:P;chenyu:P;sara:L;trishit:P,P,0
Q317,R1,qa,E:P;abhinav:P;chenyu:L;sara:L;trishit:L,L,0
Q317,R4,qa,E:L;abhinav:L;chenyu:P;sara:L;trishit:P,L,0
Q318,R1,qa,E:L;abhinav:P;chenyu:L;sara:L;trishit:L,L,0
Q318,R4,qa,E:L;abhinav:P;chenyu:P;sara:L;trishit:P,P,0
Q319,R1,qa,E:L;abhinav:P;chenyu:L;sara:L;trishit:L,L,0
Q319,R4,qa,E:L;abhinav:P;chenyu:P;sara:L;trishit:P,P,0
Q32,R0,qa,E:L;abhinav:P;chenyu:L;sara:P;trishit:P,P,0
Q32,R3,qa,E:L;abhinav:P;chenyu:L;sara:P;trishit:P,P,0
Q32,R4,qa,E:L;abhinav:P;chenyu:L;sara:L;trishit:P,L,0
Q320,R1,qa,E:L;abhinav:P;chenyu:L;sara:L;trishit:L,L,0
Q320,R4,qa,E:L;abhinav:P;chenyu:P;sara:L;trishit:P,P,0
Q321,R0,qa,E:P;abhinav:P;chenyu:L;sara:P;trishit:P,P,0
Q321,R1,qa,E:L;abhinav:P;chenyu:L;sara:L;trishit:L,L,0
Q321,R3,qa,E:L;abhinav:P;chenyu:L;sara:P;trishit:P,P,0
Q321,R4,qa,E:L;abhinav:P;chenyu:L;sara:L;trishit:P,L,0
Q322,R0,qa,E:L;abhinav:P;chenyu:L;sara:P;trishit:P,P,0
Q322,R1,qa,E:L;abhinav:P;chenyu:L;sara:L;trishit:L,L,0
Q322,R3,qa,E:L;abhinav:P;chenyu:L;sara:P;trishit:P,P,0
Q322,R4,qa,E:L;abhinav:P;chenyu:L;sara:L;trishit:P,L,0
Q323,R0,qa,E:P;abhinav:P;chenyu:L;sara:P;trishit:P,P,0
Q323,R3,qa,E:P;abhinav:P;chenyu:L;sara:P;trishit:P,P,0
Q323,R4,qa,E:L;abhinav:P;chenyu:L;sara:L;trishit:P,L,0
Q324,R0,qa,E:P;abhinav:P;chenyu:L;sara:P;trishit:P,P,0
Q324,R3,qa,E:L;abhinav:P;chenyu:L;sara:P;trishit:P,P,0
Q324,R4,qa,E:L;abhinav:P;chenyu:L;sara:L;trishit:P,L,0
Q325,R0,qa,E:L;abhinav:P;chenyu:P;sara:P;trishit:P,P,0
Q325,R3,qa,E:L;abhinav:P;chenyu:P;sara:P;trishit:P,P,0
Q325,R4,qa,E:L;abhinav:P;chenyu:P;sara:L;trishit:P,P,0
Q326,R0,qa,E:L;abhinav:P;chenyu:L;sara:P;trishit:P,P,0
Q326,R3,qa,E:L;abhinav:P;chenyu:L;sara:P;trishit:P,P,0
Q326,R4,qa,E:L;abhinav:L;chenyu:L;sara:L;trishit:P,L,0
Q327,R4,qa,E:L;abhinav:P;chenyu:P;sara:L;trishit:P,P,0
Q328,R0,qa,E:P;abhinav:P;chenyu:L;sara:P;trishit:P,P,0
Q328,R2,qa,E:L;abhinav:P;chenyu:L;sara:L;trishit:L,L,0
Q328,R3,qa,E:P;abhinav:P;chenyu:L;sara:P;trishit:P,P,0
Q328,R4,qa,E:L;abhinav:P;chenyu:L;sara:L;trishit:P,L,0
Q329,R2,qa,E:L;abhinav:P;chenyu:L;sara:L;trishit:L,L,0
Q329,R4,qa,E:L;abhinav:P;chenyu:P;sara:L;trishit:P,P,0
Q33,R4,qa,E:L;abhinav:P;chenyu:P;sara:L;trishit:P,P,0
Q330,R1,qa,E:L;abhinav:P;chenyu:L;sara:L;trishit:L,L,0
Q330,R4,qa,E:L;abhinav:P;chenyu:P;sara:L;trishit:P,P,0
Q331,R0,qa,E:P;abhinav:P;chenyu:L;sara:P;trishit:P,P,0
Q331,R3,qa,E:P;abhinav:P;chenyu:L;sara:P;trishit:P,P,0
Q331,R4,qa,E:L;abhinav:P;chenyu:L;sara:L;trishit:P,L,0
Q332,R4,qa,E:L;abhinav:P;chenyu:P;sara:L;trishit:P,P,0
Q333,R1,qa,E:L;abhinav:P;chenyu:L;sara:L;trishit:L,L,0
Q333,R4,qa,E:L;abhinav:P;chenyu:P;sara:L;trishit:P,P,0
Q334,R0,qa,E:L;abhinav:P;chenyu:P;sara:P;trishit:P,P,0
Q334,R1,qa,E:L;abhinav:P;chenyu:L;sara:L;trishit:L,L,0
Q334,R2,qa,E:L;abhinav:P;chenyu:L;sara:L;trishit:L,L,0
Q334,R3,qa,E:L;abhinav:P;chenyu:P;sara:P;trishit:P,P,0
Q334,R4,qa,E:L;abhinav:P;chenyu:P;sara:L;trishit:P,P,0
Q335,R2,qa,E:L;abhinav:P;chenyu:L;sara:L;trishit:L,L,0
Q335,R4,qa,E:L;abhinav:P;chenyu:P;sara:L;trishit:P,P,0
Q336,R2,qa,E:L;abhinav:P;chenyu:L;sara:L;trishit:L,L,0
Q336,R4,qa,E:L;abhinav:P;chenyu:P;sara:L;trishit:P,P,0
Q337,R1,qa,E:L;abhinav:P;chenyu:L;sara:L;trishit:L,L,0
Q337,R4,qa,E:L;abhinav:P;chenyu:P;sara:L;trishit:P,P,0
Q338,R3,qa,E:L;abhinav:P;chenyu:P;sara:P;trishit:P,P,0
Q338,R4,qa,E:L;abhinav:P;chenyu:P;sara:L;trishit:P,P,0
Q339,R4,qa,E:L;abhinav:P;chenyu:P;sara:L;trishit:P,P,0
Q34,R0,qa,E:L;abhinav:P;chenyu:L;sara:P;trishit:P,P,0
Q34,R3,qa,E:L;abhinav:P;chenyu:L;sara:P;trishit:P,P,0
Q34,R4,qa,E:L;abhinav:L;chenyu:L;sara:L;trishit:P,L,0
Q340,R1,qa,E:L;abhinav:P;chenyu:L;sara:L;trishit:L,L,0
Q340,R4,qa,E:L;abhinav:P;chenyu:P;sara:L;trishit:P,P,0
Q341,R4,qa,E:L;abhinav:P;chenyu:P;sara:L;trishit:P,P,0
Q342,R2,qa,E:L;abhinav:P;chenyu:L;sara:L;trishit:L,L,0
Q342,R4,qa,E:L;abhinav:P;chenyu:P;sara:L;trishit:P,P,0
Q343,R0,qa,E:L;abhinav:P;chenyu:L;sara:P;trishit:P,P,0
Q343,R3,qa,E:L;abhinav:P;chenyu:L;sara:P;trishit:P,P,0
Q343,R4,qa,E:L;abhinav:P;chenyu:L;sara:L;trishit:P,L,0
Q344,R0,qa,E:P;abhinav:P;chenyu:L;sara:P;trishit:P,P,0
Q344,R1,qa,E:L;abhinav:P;chenyu:L;sara:L;trishit:L,L,0
Q344,R3,qa,E:P;abhinav:P;chenyu:L;sara:P;trishit:P,P,0
Q344,R4,qa,E:L;abhinav:P;chenyu:L;sara:L;trishit:P,L,0
Q345,R3,qa,E:L;abhinav:P;chenyu:P;sara:P;trishit:P,P,0
Q345,R4,qa,E:L;abhinav:P;chenyu:P;sara:L;trishit:P,P,0
Q346,R4,qa,E:L;abhinav:P;chenyu:P;sara:L;trishit:P,P,0
Q347,R1,qa,E:P;abhinav:P;chenyu:L;sara:L;trishit:P,P,0
Q347,R2,qa,E:L;abhinav:L;chenyu:L;sara:P;trishit:L,L,0
Q347,R4,qa,E:L;abhinav:P;chenyu:P;sara:P;trishit:P,P,0
Q348,R1,qa,E:L;abhinav:P;chenyu:L;sara:L;trishit:L,L,0
Q348,R4,qa,E:L;abhinav:P;chenyu:P;sara:L;trishit:P,P,0
Q349,R2,qa,E:L;abhinav:P;chenyu:L;sara:L;trishit:L,L,0
Q349,R4,qa,E:L;abhinav:P;chenyu:P;sara:L;trishit:P,P,0
Q35,R1,qa,E:P;abhinav:P;chenyu:L;sara:L;trishit:L,L,0
Q35,R4,qa,E:P;abhinav:P;chenyu:P;sara:L;trishit:P,P,0
Q350,R1,qa,E:L;abhinav:P;chenyu:L;sara:L;trishit:L,L,0
Q350,R4,qa,E:L;abhinav:P;chenyu:P;sara:L;trishit:P,P,0
Q351,R2,qa,E:L;abhinav:P;chenyu:L;sara:L;trishit:L,L,0
Q351,R4,qa,E:L;abhinav:P;chenyu:P;sara:L;trishit:P,P,0
Q352,R1,qa,E:L;abhinav:P;chenyu:L;sara:L;trishit:P,L,0
Q352,R2,qa,E:L;abhinav:L;chenyu:L;sara:P;trishit:L,L,0
Q353,R1,qa,E:P;abhinav:P;chenyu:L;sara:L;trishit:P,P,0
Q353,R2,qa,E:L;abhinav:L;chenyu:L;sara:P;trishit:L,L,0
Q354,R1,qa,E:L;abhinav:P;chenyu:L;sara:L;trishit:P,L,0
Q354,R2,qa,E:L;abhinav:L;chenyu:L;sara:P;trishit:L,L,0
Q355,R1,qa,E:P;abhinav:P;chenyu:L;sara:L;trishit:P,P,0
Q355,R2,qa,E:L;abhinav:L;chenyu:L;sara:P;trishit:L,L,0
Q356,R1,qa,E:P;abhinav:P;chenyu:P;sara:L;trishit:P,P,0
Q356,R2,qa,E:L;abhinav:L;chenyu:P;sara:P;trishit:L,L,0
Q357,R1,qa,E:P;abhinav:P;chenyu:L;sara:L;trishit:P,P,0
Q357,R2,qa,E:L;abhinav:L;chenyu:L;sara:P;trishit:L,L,0
Q358,R1,qa,E:P;abhinav:L;chenyu:P;sara:L;trishit:P,P,0
Q358,R2,qa,E:L;abhinav:L;chenyu:P;sara:P;trishit:L,L,0
Q359,R1,qa,E:P;abhinav:P;chenyu:P;sara:L;trishit:P,P,0
Q359,R2,qa,E:P;abhinav:L;chenyu:P;sara:P;trishit:L,P,0
Q36,R1,qa,E:P;abhinav:P;chenyu:L;sara:L;trishit:L,L,0
Q36,R4,qa,E:L;abhinav:P;chenyu:P;sara:L;trishit:P,P,0
Q360,R1,qa,E:P;abhinav:P;chenyu:L;sara:L;trishit:P,P,0
Q360,R2,qa,E:L;abhinav:L;chenyu:L;sara:P;trishit:L,L,0
Q360,R4,qa,E:L;abhinav:L;chenyu:P;sara:P;trishit:P,P,0
Q361,R1,qa,E:P;abhinav:P;chenyu:P;sara:L;trishit:P,P,0
Q361,R2,qa,E:L;abhinav:L;chenyu:P;sara:P;trishit:L,L,0
Q361,R4,qa,E:L;abhinav:L;chenyu:P;sara:P;trishit:P,P,0
Q362,R1,qa,E:P;abhinav:P;chenyu:L;sara:L;trishit:P,P,0
Q362,R2,qa,E:L;abhinav:L;chenyu:L;sara:P;trishit:L,L,0
Q363,R1,qa,E:P;abhinav:P;chenyu:L;sara:L;trishit:P,P,0
Q363,R2,qa,E:L;abhinav:L;chenyu:L;sara:P;trishit:L,L,0
Q363,R4,qa,E:L;abhinav:P;chenyu:P;sara:P;trishit:P,P,0
Q364,R1,qa,E:P;abhinav:L;chenyu:P;sara:L;trishit:P,P,0
Q364,R2,qa,E:L;abhinav:P;chenyu:P;sara:P;trishit:L,P,0
Q365,R1,qa,E:P;abhinav:P;chenyu:P;sara:L;trishit:P,P,0
Q365,R2,qa,E:L;abhinav:L;chenyu:P;sara:P;trishit:L,L,0
Q365,R4,qa,E:L;abhinav:P;chenyu:P;sara:P;trishit:P,P,0
Q366,R3,qa,E:P;abhinav:L;chenyu:P;sara:L;trishit:P,P,0
Q367,R3,qa,E:P;abhinav:P;chenyu:P;sara:L;trishit:P,P,0
Q368,R3,qa,E:P;abhinav:L;chenyu:P;sara:L;trishit:P,P,0
Q369,R3,qa,E:P;abhinav:P;chenyu:P;sara:L;trishit:P,P,0
Q37,R1,qa,E:L;abhinav:P;chenyu:L;sara:L;trishit:L,L,0
Q37,R4,qa,E:L;abhinav:P;chenyu:P;sara:L;trishit:P,P,0
Q370,R3,qa,E:P;abhinav:L;chenyu:P;sara:L;trishit:P,P,0
Q371,R3,qa,E:L;abhinav:L;chenyu:P;sara:L;trishit:P,L,0
Q372,R3,qa,E:P;abhinav:L;chenyu:P;sara:L;trishit:P,P,0
Q373,R1,qa,E:P;abhinav:P;chenyu:L;sara:P;trishit:P,P,0
Q373,R2,qa,E:P;abhinav:L;chenyu:L;sara:P;trishit:P,P,0
Q373,R3,qa,E:P;abhinav:P;chenyu:P;sara:L;trishit:P,P,0
Q374,R3,qa,E:P;abhinav:L;chenyu:P;sara:L;trishit:P,P,0
Q375,R3,qa,E:P;abhinav:P;chenyu:P;sara:L;trishit:P,P,0
Q376,R3,qa,E:P;abhinav:P;chenyu:P;sara:L;trishit:P,P,0
Q377,R3,qa,E:P;abhinav:L;chenyu:P;sara:L;trishit:P,P,0
Q378,R3,qa,E:L;abhinav:L;chenyu:P;sara:L;trishit:P,L,0
Q379,R3,qa,E:L;abhinav:L;chenyu:L;sara:L;trishit:P,L,0
Q38,R1,qa,E:L;abhinav:P;chenyu:L;sara:L;trishit:L,L,0
Q38,R3,qa,E:L;abhinav:P;chenyu:P;sara:P;trishit:P,P,0
Q38,R4,qa,E:L;abhinav:P;chenyu:P;sara:L;trishit:P,P,0
Q380,R3,qa,E:L;abhinav:L;chenyu:P;sara:L;trishit:P,L,0
Q381,R3,qa,E:L;abhinav:L;chenyu:L;sara:L;trishit:P,L,0
Q382,R3,qa,E:L;abhinav:L;chenyu:L;sara:L;trishit:P,L,0
Q383,R3,qa,E:L;abhinav:L;chenyu:L;sara:L;trishit:P,L,0
Q384,R3,qa,E:L;abhinav:L;chenyu:L;sara:L;trishit:P,L,0
Q385,R3,qa,E:L;abhinav:L;chenyu:P;sara:L;trishit:P,L,0
Q386,R3,qa,E:L;abhinav:L;chenyu:P;sara:L;trishit:P,L,0
Q387,R3,qa,E:P;abhinav:L;chenyu:P;sara:L;trishit:P,P,0
Q388,R3,qa,E:L;abhinav:L;chenyu:L;sara:L;trishit:P,L,0
Q389,R3,qa,E:L;abhinav:L;chenyu:P;sara:L;trishit:P,L,0
Q39,R1,qa,E:L;abhinav:P;chenyu:L;sara:L;trishit:L,L,0
Q39,R4,qa,E:L;abhinav:L;chenyu:P;sara:L;trishit:P,L,0
Q390,R3,qa,E:L;abhinav:L;chenyu:L;sara:L;trishit:P,L,0
Q391,R3,qa,E:P;abhinav:L;chenyu:P;sara:L;trishit:P,P,0
Q392,R3,qa,E:L;abhinav:L;chenyu:L;sara:L;trishit:P,L,0
Q393,R3,qa,E:L;abhinav:L;chenyu:L;sara:L;trishit:P,L,0
Q394,R3,qa,E:P;abhinav:L;chenyu:P;sara:L;trishit:P,P,0
Q395,R3,qa,E:P;abhinav:L;chenyu:P;sara:L;trishit:P,P,0
Q396,R3,qa,E:L;abhinav:L;chenyu:L;sara:L;trishit:P,L,0
Q397,R3,qa,E:L;abhinav:L;chenyu:L;sara:L;trishit:P,L,0
Q398,R3,qa,E:L;abhinav:L;chenyu:P;sara:L;trishit:P,L,0
Q399,R3,qa,E:L;abhinav:L;chenyu:P;sara:L;trishit:P,L,0
Q4,R4,qa,E:L;abhinav:P;chenyu:P;sara:L;trishit:P,P,0
Q40,R4,qa,E:L;abhinav:P;chenyu:P;sara:L;trishit:P,P,0
Q400,R3,qa,E:L;abhinav:L;chenyu:L;sara:L;trishit:P,L,0
Q41,R1,qa,E:L;abhinav:P;chenyu:L;sara:L;trishit:L,L,0
Q41,R4,qa,E:L;abhinav:P;chenyu:P;sara:L;trishit:P,P,0
Q42,R1,qa,E:L;abhinav:P;chenyu:L;sara:L;trishit:L,L,0
Q42,R4,qa,E:L;abhinav:P;chenyu:P;sara:L;trishit:P,P,0
Q43,R1,qa,E:L;abhinav:P;chenyu:L;sara:L;trishit:L,L,0
Q43,R4,qa,E:L;abhinav:P;chenyu:P;sara:L;trishit:P,P,0
Q44,R4,qa,E:L;abhinav:P;chenyu:P;sara:L;trishit:P,P,0
Q45,R0,qa,E:P;abhinav:P;chenyu:L;sara:P;trishit:P,P,0
Q45,R3,qa,E:L;abhinav:P;chenyu:L;sara:P;trishit:P,P,0
Q45,R4,qa,E:L;abhinav:P;chenyu:L;sara:L;trishit:P,L,0
Q46,R0,qa,E:P;abhinav:P;chenyu:L;sara:P;trishit:P,P,0
Q46,R1,qa,E:L;abhinav:P;chenyu:L;sara:L;trishit:L,L,0
Q46,R3,qa,E:L;abhinav:P;chenyu:L;sara:P;trishit:P,P,0
Q46,R4,qa,E:L;abhinav:P;chenyu:L;sara:L;trishit:P,L,0
Q47,R0,qa,E:L;abhinav:P;chenyu:L;sara:P;trishit:P,P,0
Q47,R1,qa,E:L;abhinav:P;chenyu:L;sara:L;trishit:L,L,0
Q47,R3,qa,E:L;abhinav:P;chenyu:L;sara:P;trishit:P,P,0
Q47,R4,qa,E:L;abhinav:P;chenyu:L;sara:L;trishit:P,L,0
Q48,R2,qa,E:L;abhinav:P;chenyu:L;sara:L;trishit:L,L,0
Q48,R4,qa,E:L;abhinav:P;chenyu:P;sara:L;trishit:P,P,0
Q49,R2,qa,E:L;abhinav:P;chenyu:L;sara:L;trishit:L,L,0
Q49,R4,qa,E:L;abhinav:P;chenyu:P;sara:L;trishit:P,P,0
Q5,R2,qa,E:L;abhinav:P;chenyu:L;sara:L;trishit:L,L,0
Q5,R4,qa,E:L;abhinav:P;chenyu:P;sara:L;trishit:P,P,0
Q50,R4,qa,E:L;abhinav:P;chenyu:P;sara:L;trishit:P,P,0
Q51,R4,qa,E:L;abhinav:P;chenyu:P;sara:L;trishit:P,P,0
Q52,R2,qa,E:L;abhinav:P;chenyu:L;sara:L;trishit:L,L,0
Q52,R4,qa,E:L;abhinav:P;chenyu:P;sara:L;trishit:P,P,0
Q53,R2,qa,E:L;abhinav:P;chenyu:L;sara:L;trishit:L,L,0
Q53,R4,qa,E:L;abhinav:P;chenyu:P;sara:L;trishit:P,P,0
Q54,R0,qa,E:P;abhinav:P;chenyu:L;sara:P;trishit:P,P,0
Q54,R2,qa,E:L;abhinav:P;chenyu:L;sara:L;trishit:L,L,0
Q54,R3,qa,E:P;abhinav:P;chenyu:L;sara:P;trishit:P,P,0
Q54,R4,qa,E:L;abhinav:P;chenyu:L;sara:L;trishit:P,L,0
Q55,R2,qa,E:L;abhinav:P;chenyu:L;sara:L;trishit:L,L,0
Q55,R4,qa,E:L;abhinav:P;chenyu:P;sara:L;trishit:P,P,0
Q56,R4,qa,E:L;abhinav:P;chenyu:P;sara:L;trishit:P,P,0
Q57,R1,qa,E:L;abhinav:P;chenyu:L;sara:L;trishit:L,L,0
Q57,R4,qa,E:L;abhinav:P;chenyu:P;sara:L;trishit:P,P,0
Q58,R4,qa,E:L;abhinav:P;chenyu:P;sara:L;trishit:P,P,0
Q59,R2,qa,E:L;abhinav:P;chenyu:L;sara:L;trishit:L,L,0
Q59,R4,qa,E:L;abhinav:P;chenyu:P;sara:L;trishit:P,P,0
Q6,R1,qa,E:L;abhinav:P;chenyu:L;sara:L;trishit:L,L,0
Q6,R4,qa,E:L;abhinav:P;chenyu:P;sara:L;trishit:P,P,0
Q60,R2,qa,E:L;abhinav:P;chenyu:L;sara:L;trishit:L,L,0
Q60,R4,qa,E:L;abhinav:P;chenyu:P;sara:L;trishit:P,P,0
Q61,R1,qa,E:L;abhinav:P;chenyu:L;sara:L;trishit:L,L,0
Q61,R4,qa,E:L;abhinav:P;chenyu:P;sara:L;trishit:P,P,0
Q62,R1,qa,E:L;abhinav:P;chenyu:L;sara:L;trishit:L,L,0
Q62,R4,qa,E:L;abhinav:P;chenyu:P;sara:L;trishit:P,P,0
Q63,R1,qa,E:L;abhinav:P;chenyu:L;sara:L;trishit:L,L,0
Q63,R4,qa,E:L;abhinav:P;chenyu:P;sara:L;trishit:P,P,0
Q64,R1,qa,E:L;abhinav:P;chenyu:L;sara:L;trishit:L,L,0
Q64,R4,qa,E:L;abhinav:P;chenyu:P;sara:L;trishit:P,P,0
Q65,R4,qa,E:L;abhinav:P;chenyu:P;sara:L;trishit:P,P,0
Q66,R1,qa,E:L;abhinav:P;chenyu:L;sara:L;trishit:L,L,0
Q66,R4,qa,E:L;abhinav:P;chenyu:P;sara:L;trishit:P,P,0
Q67,R1,qa,E:L;abhinav:P;chenyu:L;sara:L;trishit:L,L,0
Q67,R4,qa,E:L;abhinav:P;chenyu:P;sara:L;trishit:P,P,0
Q68,R1,qa,E:L;abhinav:P;chenyu:L;sara:L;trishit:L,L,0
Q68,R4,qa,E:L;abhinav:P;chenyu:P;sara:L;trishit:P,P,0
Q69,R4,qa,E:L;abhinav:P;chenyu:P;sara:L;trishit:P,P,0
Q7,R1,qa,E:L;abhinav:P;chenyu:L;sara:L;trishit:L,L,0
Q7,R4,qa,E:L;abhinav:P;chenyu:P;sara:L;trishit:P,P,0
Q70,R2,qa,E:L;abhinav:P;chenyu:L;sara:L;trishit:L,L,0
Q70,R4,qa,E:L;abhinav:P;chenyu:P;sara:L;trishit:P,P,0
Q71,R4,qa,E:L;abhinav:P;chenyu:P;sara:L;trishit:P,P,0
Q72,R4,qa,E:L;abhinav:L;chenyu:P;sara:L;trishit:P,L,0
Q73,R1,qa,E:L;abhinav:P;chenyu:L;sara:L;trishit:L,L,0
Q73,R4,qa,E:L;abhinav:P;chenyu:P;sara:L;trishit:P,P,0
Q74,R1,qa,E:L;abhinav:P;chenyu:L;sara:L;trishit:L,L,0
Q74,R4,qa,E:L;abhinav:P;chenyu:P;sara:L;trishit:P,P,0
Q75,R0,qa,E:P;abhinav:P;chenyu:L;sara:P;trishit:P,P,0
Q75,R1,qa,E:L;abhinav:P;chenyu:L;sara:L;trishit:L,L,0
Q75,R3,qa,E:P;abhinav:P;chenyu:L;sara:P;trishit:P,P,0
Q75,R4,qa,E:L;abhinav:L;chenyu:L;sara:L;trishit:P,L,0
Q76,R1,qa,E:L;abhinav:P;chenyu:L;sara:L;trishit:L,L,0
Q76,R4,qa,E:L;abhinav:L;chenyu:P;sara:L;trishit:P,L,0
Q77,R4,qa,E:L;abhinav:P;chenyu:P;sara:L;trishit:P,P,0
Q78,R4,qa,E:L;abhinav:P;chenyu:P;sara:L;trishit:P,P,0
Q79,R4,qa,E:L;abhinav:P;chenyu:P;sara:L;trishit:P,P,0
Q8,R4,qa,E:L;abhinav:P;chenyu:P;sara:L;trishit:P,P,0
Q80,R4,qa,E:L;abhinav:P;chenyu:P;sara:L;trishit:P,P,0
Q81,R1,qa,E:L;abhinav:P;chenyu:L;sara:L;trishit:L,L,0
Q81,R4,qa,E:L;abhinav:P;chenyu:P;sara:L;trishit:P,P,0
Q82,R1,qa,E:L;abhinav:P;chenyu:L;sara:L;trishit:L,L,0
Q82,R4,qa,E:L;abhinav:P;chenyu:P;sara:L;trishit:P,P,0
Q83,R4,qa,E:L;abhinav:P;chenyu:P;sara:L;trishit:P,P,0
Q84,R0,qa,E:P;abhinav:P;chenyu:L;sara:P;trishit:P,P,0
Q84,R3,qa,E:P;abhinav:P;chenyu:L;sara:P;trishit:P,P,0
Q84,R4,qa,E:L;abhinav:L;chenyu:L;sara:L;trishit:P,L,0
Q85,R4,qa,E:L;abhinav:L;chenyu:P;sara:L;trishit:P,L,0
Q86,R4,qa,E:L;abhinav:P;chenyu:P;sara:L;trishit:P,P,0
Q87,R4,qa,E:L;abhinav:P;chenyu:P;sara:L;trishit:P,P,0
Q88,R0,qa,E:L;abhinav:P;chenyu:L;sara:P;trishit:P,P,0
Q88,R3,qa,E:L;abhinav:P;chenyu:L;sara:P;trishit:P,P,0
Q88,R4,qa,E:L;abhinav:P;chenyu:L;sara:L;trishit:P,L,0
Q89,R0,qa,E:P;abhinav:P;chenyu:L;sara:P;trishit:P,P,0
Q89,R3,qa,E:P;abhinav:P;chenyu:L;sara:P;trishit:P,P,0
Q89,R4,qa,E:L;abhinav:P;chenyu:L;sara:L;trishit:P,L,0
Q9,R0,qa,E:P;abhinav:P;chenyu:L;sara:P;trishit:P,P,0
Q9,R1,qa,E:L;abhinav:P;chenyu:L;sara:L;trishit:L,L,0
Q9,R3,qa,E:P;abhinav:P;chenyu:L;sara:P;trishit:P,P,0
Q9,R4,qa,E:L;abhinav:P;chenyu:L;sara:L;trishit:P,L,0
Q90,R0,qa,E:L;abhinav:P;chenyu:L;sara:P;trishit:L,L,0
Q90,R3,qa,E:L;abhinav:P;chenyu:L;sara:P;trishit:L,L,0
Q90,R4,qa,E:L;abhinav:P;chenyu:L;sara:L;trishit:L,L,0
Q91,R1,qa,E:L;abhinav:P;chenyu:L;sara:L;trishit:L,L,0
Q91,R4,qa,E:L;abhinav:P;chenyu:P;sara:L;trishit:P,P,0
Q92,R2,qa,E:L;abhinav:P;chenyu:L;sara:L;trishit:L,L,0
Q92,R4,qa,E:L;abhinav:P;chenyu:P;sara:L;trishit:P,P,0
Q93,R4,qa,E:L;abhinav:P;chenyu:P;sara:L;trishit:P,P,0
Q94,R0,qa,E:P;abhinav:P;chenyu:L;sara:P;trishit:P,P,0
Q94,R3,qa,E:P;abhinav:P;chenyu:L;sara:P;trishit:P,P,0
Q94,R4,qa,E:L;abhinav:P;chenyu:L;sara:L;trishit:P,L,0
Q95,R0,qa,E:P;abhinav:P;chenyu:L;sara:P;trishit:P,P,0
Q95,R2,qa,E:L;abhinav:P;chenyu:L;sara:L;trishit:L,L,0
Q95,R3,qa,E:P;abhinav:P;chenyu:L;sara:P;trishit:P,P,0
Q95,R4,qa,E:L;abhinav:P;chenyu:L;sara:L;trishit:P,L,0
Q96,R2,qa,E:L;abhinav:P;chenyu:L;sara:L;trishit:L,L,0
Q96,R4,qa,E:L;abhinav:P;chenyu:P;sara:L;trishit:P,P,0
Q97,R4,qa,E:L;abhinav:P;chenyu:P;sara:L;trishit:P,P,0
Q98,R4,qa,E:L;abhinav:P;chenyu:P;sara:L;trishit:P,P,0
Q99,R1,qa,E:L;abhinav:P;chenyu:L;sara:L;trishit:L,L,0
Q99,R4,qa,E:L;abhinav:P;chenyu:P;sara:L;trishit:P,P,0
