row,requester,kind,label,votes,tie
A1,R0,action,REFUSE,REFUSEx5,0
A1,R1,action,EXECUTE,EXECUTEx5,0
A1,R2,action,EXECUTE,EXECUTEx5,0
A1,R3,action,REFUSE,REFUSEx5,0
A1,R4,action,REFUSE,EXECUTEx1/REFUSEx4,0
A10,R0,action,REFUSE,REFUSEx5,0
A10,R1,action,EXECUTE,EXECUTEx5,0
A10,R2,action,EXECUTE,EXECUTEx4/REFUSEx1,0
A10,R3,action,REFUSE,REFUSEx5,0
A10,R4,action,REFUSE,REFUSEx5,0
A101,R0,action,REFUSE,REFUSEx5,0
A101,R1,action,EXECUTE,EXECUTEx5,0
A101,R2,action,EXECUTE,EXECUTEx4/REFUSEx1,0
A101,R3,action,REFUSE,REFUSEx5,0
A101,R4,action,REFUSE,REFUSEx5,0
A102,R0,action,REFUSE,REFUSEx5,0
A102,R1,action,EXECUTE,EXECUTEx4/REFUSEx1,0
A102,R2,action,REFUSE,EXECUTEx1/REFUSEx4,0
A102,R3,action,REFUSE,REFUSEx5,0
A102,R4,action,REFUSE,REFUSEx5,0
A103,R0,action,REFUSE,REFUSEx5,0
A103,R1,action,EXECUTE,EXECUTEx5,0
A103,R2,action,EXECUTE,EXECUTEx5,0
A103,R3,action,REFUSE,REFUSEx5,0
A103,R4,action,REFUSE,REFUSEx5,0
A104,R0,action,REFUSE,REFUSEx5,0
A104,R1,action,EXECUTE,EXECUTEx5,0
A104,R2,action,REFUSE,EXECUTEx1/REFUSEx4,0
A104,R3,action,REFUSE,REFUSEx5,0
A104,R4,action,REFUSE,REFUSEx5,0
A105,R0,action,REFUSE,REFUSEx5,0
A105,R1,action,EXECUTE,EXECUTEx4/REFUSEx1,0
A105,R2,action,EXECUTE,EXECUTEx5,0
A105,R3,action,REFUSE,REFUSEx5,0
A105,R4,action,REFUSE,REFUSEx5,0
A106,R0,action,REFUSE,REFUSEx5,0
A106,R1,action,EXECUTE,EXECUTEx4/REFUSEx1,0
A106,R2,action,REFUSE,EXECUTEx1/REFUSEx4,0
A106,R3,action,REFUSE,REFUSEx5,0
A106,R4,action,REFUSE,REFUSEx5,0
A107,R0,action,REFUSE,REFUSEx5,0
A107,R1,action,EXECUTE,EXECUTEx5,0
A107,R2,action,EXECUTE,EXECUTEx5,0
A107,R3,action,REFUSE,REFUSEx5,0
A107,R4,action,REFUSE,REFUSEx5,0
A108,R0,action,REFUSE,REFUSEx5,0
A108,R1,action,REFUSE,EXECUTEx1/REFUSEx4,0
A108,R2,action,EXECUTE,EXECUTEx5,0
A108,R3,action,REFUSE,REFUSEx5,0
A108,R4,action,REFUSE,REFUSEx5,0
A109,R0,action,REFUSE,REFUSEx5,0
A109,R1,action,EXECUTE,EXECUTEx5,0
A109,R2,action,REFUSE,EXECUTEx1/REFUSEx4,0
A109,R3,action,REFUSE,REFUSEx5,0
A109,R4,action,REFUSE,REFUSEx5,0
A11,R0,action,REFUSE,REFUSEx5,0
A11,R1,action,EXECUTE,EXECUTEx5,0
A11,R2,action,REFUSE,EXECUTEx1/REFUSEx4,0
A11,R3,action,REFUSE,REFUSEx5,0
A11,R4,action,REFUSE,REFUSEx5,0
A110,R0,action,REFUSE,REFUSEx5,0
A110,R1,action,EXECUTE,EXECUTEx3/REFUSEx2,0
A110,R2,action,EXECUTE,EXECUTEx4/REFUSEx1,0
A110,R3,action,REFUSE,REFUSEx5,0
A110,R4,action,REFUSE,REFUSEx5,0
A111,R0,action,REFUSE,REFUSEx5,0
A111,R1,action,EXECUTE,EXECUTEx4/REFUSEx1,0
A111,R2,action,REFUSE,EXECUTEx1/REFUSEx4,0
A111,R3,action,REFUSE,REFUSEx5,0
A111,R4,action,REFUSE,REFUSEx5,0
A112,R0,action,REFUSE,REFUSEx5,0
A112,R1,action,EXECUTE,EXECUTEx4/REFUSEx1,0
A112,R2,action,EXECUTE,EXECUTEx5,0
A112,R3,action,REFUSE,REFUSEx5,0
A112,R4,action,REFUSE,REFUSEx5,0
A113,R0,action,REFUSE,REFUSEx5,0
A113,R1,action,EXECUTE,EXECUTEx5,0
A113,R2,action,EXECUTE,EXECUTEx5,0
A113,R3,action,REFUSE,REFUSEx5,0
A113,R4,action,REFUSE,REFUSEx5,0
A114,R0,action,REFUSE,REFUSEx5,0
A114,R1,action,EXECUTE,EXECUTEx5,0
A114,R2,action,REFUSE,EXECUTEx1/REFUSEx4,0
A114,R3,action,REFUSE,REFUSEx5,0
A114,R4,action,REFUSE,REFUSEx5,0
A115,R0,action,REFUSE,REFUSEx5,0
A115,R1,action,EXECUTE,EXECUTEx4/REFUSEx1,0
A115,R2,action,EXECUTE,EXECUTEx5,0
A115,R3,action,REFUSE,REFUSEx5,0
A115,R4,action,REFUSE,REFUSEx5,0
A116,R0,action,REFUSE,REFUSEx5,0
A116,R1,action,REFUSE,EXECUTEx1/REFUSEx4,0
A116,R2,action,EXECUTE,EXECUTEx5,0
A116,R3,action,REFUSE,REFUSEx5,0
A116,R4,action,REFUSE,REFUSEx5,0
A117,R0,action,REFUSE,REFUSEx5,0
A117,R1,action,EXECUTE,EXECUTEx5,0
A117,R2,action,REFUSE,EXECUTEx1/REFUSEx4,0
A117,R3,action,REFUSE,REFUSEx5,0
A117,R4,action,REFUSE,REFUSEx5,0
A118,R0,action,REFUSE,REFUSEx5,0
A118,R1,action,EXECUTE,EXECUTEx5,0
A118,R2,action,EXECUTE,EXECUTEx5,0
A118,R3,action,REFUSE,REFUSEx5,0
A118,R4,action,REFUSE,REFUSEx5,0
A119,R0,action,REFUSE,REFUSEx5,0
A119,R1,action,EXECUTE,EXECUTEx4/REFUSEx1,0
A119,R2,action,EXECUTE,EXECUTEx5,0
A119,R3,action,REFUSE,REFUSEx5,0
A119,R4,action,REFUSE,REFUSEx5,0
A12,R0,action,REFUSE,REFUSEx5,0
A12,R1,action,EXECUTE,EXECUTEx5,0
A12,R2,action,EXECUTE,EXECUTEx5,0
A12,R3,action,REFUSE,REFUSEx5,0
A12,R4,action,REFUSE,REFUSEx5,0
A120,R0,action,REFUSE,REFUSEx5,0
A120,R1,action,EXECUTE,EXECUTEx5,0
A120,R2,action,REFUSE,EXECUTEx1/REFUSEx4,0
A120,R3,action,REFUSE,REFUSEx5,0
A120,R4,action,REFUSE,REFUSEx5,0
A121,R0,action,REFUSE,REFUSEx5,0
A121,R1,action,REFUSE,EXECUTEx1/REFUSEx4,0
A121,R2,action,EXECUTE,EXECUTEx5,0
A121,R3,action,REFUSE,REFUSEx5,0
A121,R4,action,REFUSE,EXECUTEx1/REFUSEx4,0
A122,R0,action,REFUSE,REFUSEx5,0
A122,R1,action,EXECUTE,EXECUTEx4/REFUSEx1,0
A122,R2,action,EXECUTE,EXECUTEx4/REFUSEx1,0
A122,R3,action,REFUSE,REFUSEx5,0
A122,R4,action,REFUSE,REFUSEx5,0
A123,R0,action,REFUSE,REFUSEx5,0
A123,R1,action,EXECUTE,EXECUTEx5,0
A123,R2,action,REFUSE,EXECUTEx1/REFUSEx4,0
A123,R3,action,REFUSE,REFUSEx5,0
A123,R4,action,REFUSE,REFUSEx5,0
A124,R0,action,REFUSE,REFUSEx5,0
A124,R1,action,EXECUTE,EXECUTEx4/REFUSEx1,0
A124,R2,action,EXECUTE,EXECUTEx4/REFUSEx1,0
A124,R3,action,REFUSE,REFUSEx5,0
A124,R4,action,REFUSE,REFUSEx5,0
A125,R0,action,REFUSE,REFUSEx5,0
A125,R1,action,EXECUTE,EXECUTEx5,0
A125,R2,action,REFUSE,EXECUTEx1/REFUSEx4,0
A125,R3,action,REFUSE,REFUSEx5,0
A125,R4,action,REFUSE,REFUSEx5,0
A126,R0,action,REFUSE,REFUSEx5,0
A126,R1,action,EXECUTE,EXECUTEx5,0
A126,R2,action,EXECUTE,EXECUTEx5,0
A126,R3,action,REFUSE,REFUSEx5,0
A126,R4,action,REFUSE,REFUSEx5,0
A127,R0,action,REFUSE,REFUSEx5,0
A127,R1,action,EXECUTE,EXECUTEx4/REFUSEx1,0
A127,R2,action,EXECUTE,EXECUTEx5,0
A127,R3,action,REFUSE,REFUSEx5,0
A127,R4,action,REFUSE,REFUSEx5,0
A128,R0,action,REFUSE,REFUSEx5,0
A128,R1,action,EXECUTE,EXECUTEx4/REFUSEx1,0
A128,R2,action,REFUSE,EXECUTEx1/REFUSEx4,0
A128,R3,action,REFUSE,REFUSEx5,0
A128,R4,action,REFUSE,REFUSEx5,0
A129,R0,action,REFUSE,REFUSEx5,0
A129,R1,action,EXECUTE,EXECUTEx5,0
A129,R2,action,EXECUTE,EXECUTEx5,0
A129,R3,action,REFUSE,REFUSEx5,0
A129,R4,action,REFUSE,REFUSEx5,0
A13,R0,action,REFUSE,REFUSEx5,0
A13,R1,action,EXECUTE,EXECUTEx5,0
A13,R2,action,EXECUTE,EXECUTEx4/REFUSEx1,0
A13,R3,action,REFUSE,REFUSEx5,0
A13,R4,action,REFUSE,REFUSEx5,0
A130,R0,action,REFUSE,REFUSEx5,0
A130,R1,action,EXECUTE,EXECUTEx4/REFUSEx1,0
A130,R2,action,REFUSE,EXECUTEx1/REFUSEx4,0
A130,R3,action,REFUSE,REFUSEx5,0
A130,R4,action,REFUSE,REFUSEx5,0
A131,R0,action,REFUSE,REFUSEx5,0
A131,R1,action,EXECUTE,EXECUTEx5,0
A131,R2,action,REFUSE,EXECUTEx2/REFUSEx3,0
A131,R3,action,REFUSE,REFUSEx5,0
A131,R4,action,REFUSE,REFUSEx5,0
A132,R0,action,REFUSE,REFUSEx5,0
A132,R1,action,EXECUTE,EXECUTEx4/REFUSEx1,0
A132,R2,action,EXECUTE,EXECUTEx5,0
A132,R3,action,REFUSE,REFUSEx5,0
A132,R4,action,REFUSE,REFUSEx5,0
A133,R0,action,REFUSE,REFUSEx5,0
A133,R1,action,REFUSE,EXECUTEx2/REFUSEx3,0
A133,R2,action,EXECUTE,EXECUTEx5,0
A133,R3,action,REFUSE,REFUSEx5,0
A133,R4,action,REFUSE,REFUSEx5,0
A134,R0,action,REFUSE,REFUSEx5,0
A134,R1,action,REFUSE,EXECUTEx1/REFUSEx4,0
A134,R2,action,EXECUTE,EXECUTEx5,0
A134,R3,action,REFUSE,REFUSEx5,0
A134,R4,action,REFUSE,REFUSEx5,0
A135,R0,action,REFUSE,REFUSEx5,0
A135,R1,action,EXECUTE,EXECUTEx4/REFUSEx1,0
A135,R2,action,EXECUTE,EXECUTEx3/REFUSEx2,0
A135,R3,action,REFUSE,REFUSEx5,0
A135,R4,action,REFUSE,REFUSEx5,0
A136,R0,action,REFUSE,REFUSEx5,0
A136,R1,action,EXECUTE,EXECUTEx5,0
A136,R2,action,REFUSE,EXECUTEx1/REFUSEx4,0
A136,R3,action,REFUSE,REFUSEx5,0
A136,R4,action,REFUSE,REFUSEx5,0
A137,R0,action,REFUSE,REFUSEx5,0
A137,R1,action,EXECUTE,EXECUTEx5,0
A137,R2,action,EXECUTE,EXECUTEx4/REFUSEx1,0
A137,R3,action,REFUSE,REFUSEx5,0
A137,R4,action,REFUSE,REFUSEx5,0
A138,R0,action,REFUSE,REFUSEx5,0
A138,R1,action,EXECUTE,EXECUTEx4/REFUSEx1,0
A138,R2,action,EXECUTE,EXECUTEx4/REFUSEx1,0
A138,R3,action,REFUSE,REFUSEx5,0
A138,R4,action,REFUSE,REFUSEx5,0
A139,R0,action,REFUSE,REFUSEx5,0
A139,R1,action,EXECUTE,EXECUTEx4/REFUSEx1,0
A139,R2,action,EXECUTE,EXECUTEx5,0
A139,R3,action,REFUSE,REFUSEx5,0
A139,R4,action,REFUSE,REFUSEx5,0
A14,R0,action,REFUSE,REFUSEx5,0
A14,R1,action,EXECUTE,EXECUTEx5,0
A14,R2,action,REFUSE,EXECUTEx1/REFUSEx4,0
A14,R3,action,REFUSE,REFUSEx5,0
A14,R4,action,REFUSE,REFUSEx5,0
A140,R0,action,REFUSE,REFUSEx5,0
A140,R1,action,EXECUTE,EXECUTEx5,0
A140,R2,action,EXECUTE,EXECUTEx5,0
A140,R3,action,REFUSE,REFUSEx5,0
A140,R4,action,REFUSE,REFUSEx5,0
A141,R0,action,REFUSE,REFUSEx5,0
A141,R1,action,EXECUTE,EXECUTEx4/REFUSEx1,0
A141,R2,action,REFUSE,EXECUTEx2/REFUSEx3,0
A141,R3,action,REFUSE,REFUSEx5,0
A141,R4,action,REFUSE,REFUSEx5,0
A142,R0,action,REFUSE,REFUSEx5,0
A142,R1,action,EXECUTE,EXECUTEx5,0
A142,R2,action,REFUSE,EXECUTEx1/REFUSEx4,0
A142,R3,action,REFUSE,REFUSEx5,0
A142,R4,action,REFUSE,REFUSEx5,0
A143,R0,action,REFUSE,REFUSEx5,0
A143,R1,action,EXECUTE,EXECUTEx3/REFUSEx2,0
A143,R2,action,EXECUTE,EXECUTEx5,0
A143,R3,action,REFUSE,REFUSEx5,0
A143,R4,action,REFUSE,REFUSEx5,0
A144,R0,action,REFUSE,REFUSEx5,0
A144,R1,action,EXECUTE,EXECUTEx4/REFUSEx1,0
A144,R2,action,EXECUTE,EXECUTEx5,0
A144,R3,action,REFUSE,REFUSEx5,0
A144,R4,action,REFUSE,REFUSEx5,0
A145,R0,action,REFUSE,REFUSEx5,0
A145,R1,action,EXECUTE,EXECUTEx4/REFUSEx1,0
A145,R2,action,REFUSE,EXECUTEx1/REFUSEx4,0
A145,R3,action,REFUSE,REFUSEx5,0
A145,R4,action,REFUSE,REFUSEx5,0
A146,R0,action,REFUSE,REFUSEx5,0
A146,R1,action,EXECUTE,EXECUTEx4/REFUSEx1,0
A146,R2,action,REFUSE,EXECUTEx1/REFUSEx4,0
A146,R3,action,REFUSE,REFUSEx5,0
A146,R4,action,REFUSE,REFUSEx5,0
A147,R0,action,REFUSE,REFUSEx5,0
A147,R1,action,EXECUTE,EXECUTEx5,0
A147,R2,action,EXECUTE,EXECUTEx5,0
A147,R3,action,REFUSE,REFUSEx5,0
A147,R4,action,REFUSE,REFUSEx5,0
A148,R0,action,REFUSE,REFUSEx5,0
A148,R1,action,EXECUTE,EXECUTEx4/REFUSEx1,0
A148,R2,action,EXECUTE,EXECUTEx3/REFUSEx2,0
A148,R3,action,REFUSE,REFUSEx5,0
A148,R4,action,REFUSE,REFUSEx5,0
A149,R0,action,REFUSE,REFUSEx5,0
A149,R1,action,EXECUTE,EXECUTEx5,0
A149,R2,action,REFUSE,EXECUTEx2/REFUSEx3,0
A149,R3,action,REFUSE,REFUSEx5,0
A149,R4,action,REFUSE,REFUSEx5,0
A15,R0,action,REFUSE,REFUSEx5,0
A15,R1,action,EXECUTE,EXECUTEx5,0
A15,R2,action,EXECUTE,EXECUTEx4/REFUSEx1,0
A15,R3,action,REFUSE,REFUSEx5,0
A15,R4,action,REFUSE,REFUSEx5,0
A150,R0,action,REFUSE,REFUSEx5,0
A150,R1,action,EXECUTE,EXECUTEx5,0
A150,R2,action,EXECUTE,EXECUTEx3/REFUSEx2,0
A150,R3,action,REFUSE,REFUSEx5,0
A150,R4,action,REFUSE,REFUSEx5,0
A16,R0,action,REFUSE,REFUSEx5,0
A16,R1,action,EXECUTE,EXECUTEx4/REFUSEx1,0
A16,R2,action,REFUSE,EXECUTEx1/REFUSEx4,0
A16,R3,action,REFUSE,REFUSEx5,0
A16,R4,action,REFUSE,REFUSEx5,0
A17,R0,action,REFUSE,REFUSEx5,0
A17,R1,action,EXECUTE,EXECUTEx3/REFUSEx2,0
A17,R2,action,EXECUTE,EXECUTEx4/REFUSEx1,0
A17,R3,action,REFUSE,REFUSEx5,0
A17,R4,action,REFUSE,REFUSEx5,0
A18,R0,action,REFUSE,REFUSEx5,0
A18,R1,action,EXECUTE,EXECUTEx5,0
A18,R2,action,REFUSE,EXECUTEx1/REFUSEx4,0
A18,R3,action,REFUSE,REFUSEx5,0
A18,R4,action,REFUSE,REFUSEx5,0
A19,R0,action,REFUSE,REFUSEx5,0
A19,R1,action,EXECUTE,EXECUTEx3/REFUSEx2,0
A19,R2,action,EXECUTE,EXECUTEx5,0
A19,R3,action,REFUSE,REFUSEx5,0
A19,R4,action,REFUSE,REFUSEx5,0
A2,R0,action,REFUSE,REFUSEx5,0
A2,R1,action,EXECUTE,EXECUTEx5,0
A2,R2,action,REFUSE,EXECUTEx1/REFUSEx4,0
A2,R3,action,REFUSE,REFUSEx5,0
A2,R4,action,REFUSE,REFUSEx5,0
A20,R0,action,REFUSE,REFUSEx5,0
A20,R1,action,EXECUTE,EXECUTEx4/REFUSEx1,0
A20,R2,action,EXECUTE,EXECUTEx4/REFUSEx1,0
A20,R3,action,REFUSE,REFUSEx5,0
A20,R4,action,REFUSE,REFUSEx5,0
A21,R0,action,REFUSE,REFUSEx5,0
A21,R1,action,EXECUTE,EXECUTEx5,0
A21,R2,action,EXECUTE,EXECUTEx5,0
A21,R3,action,REFUSE,REFUSEx5,0
A21,R4,action,REFUSE,REFUSEx5,0
A22,R0,action,REFUSE,REFUSEx5,0
A22,R1,action,EXECUTE,EXECUTEx5,0
A22,R2,action,REFUSE,EXECUTEx2/REFUSEx3,0
A22,R3,action,REFUSE,REFUSEx5,0
A22,R4,action,REFUSE,REFUSEx5,0
A23,R0,action,REFUSE,REFUSEx5,0
A23,R1,action,EXECUTE,EXECUTEx5,0
A23,R2,action,REFUSE,EXECUTEx2/REFUSEx3,0
A23,R3,action,REFUSE,REFUSEx5,0
A23,R4,action,REFUSE,REFUSEx5,0
A24,R0,action,REFUSE,REFUSEx5,0
A24,R1,action,EXECUTE,EXECUTEx5,0
A24,R2,action,EXECUTE,EXECUTEx5,0
A24,R3,action,REFUSE,REFUSEx5,0
A24,R4,action,REFUSE,REFUSEx5,0
A25,R0,action,REFUSE,REFUSEx5,0
A25,R1,action,EXECUTE,EXECUTEx4/REFUSEx1,0
A25,R2,action,EXECUTE,EXECUTEx5,0
A25,R3,action,REFUSE,REFUSEx5,0
A25,R4,action,REFUSE,REFUSEx5,0
A26,R0,action,REFUSE,REFUSEx5,0
A26,R1,action,EXECUTE,EXECUTEx5,0
A26,R2,action,REFUSE,EXECUTEx1/REFUSEx4,0
A26,R3,action,REFUSE,REFUSEx5,0
A26,R4,action,REFUSE,REFUSEx5,0
A27,R0,action,REFUSE,REFUSEx5,0
A27,R1,action,EXECUTE,EXECUTEx5,0
A27,R2,action,EXECUTE,EXECUTEx5,0
A27,R3,action,REFUSE,REFUSEx5,0
A27,R4,action,REFUSE,REFUSEx5,0
A28,R0,action,REFUSE,REFUSEx5,0
A28,R1,action,EXECUTE,EXECUTEx4/REFUSEx1,0
A28,R2,action,EXECUTE,EXECUTEx3/REFUSEx2,0
A28,R3,action,REFUSE,REFUSEx5,0
A28,R4,action,REFUSE,REFUSEx5,0
A29,R0,action,REFUSE,REFUSEx5,0
A29,R1,action,EXECUTE,EXECUTEx4/REFUSEx1,0
A29,R2,action,REFUSE,EXECUTEx1/REFUSEx4,0
A29,R3,action,REFUSE,REFUSEx5,0
A29,R4,action,REFUSE,REFUSEx5,0
A3,R0,action,REFUSE,REFUSEx5,0
A3,R1,action,EXECUTE,EXECUTEx5,0
A3,R2,action,REFUSE,EXECUTEx2/REFUSEx3,0
A3,R3,action,REFUSE,REFUSEx5,0
A3,R4,action,REFUSE,REFUSEx5,0
A30,R0,action,REFUSE,REFUSEx5,0
A30,R1,action,EXECUTE,EXECUTEx3/REFUSEx2,0
A30,R2,action,EXECUTE,EXECUTEx4/REFUSEx1,0
A30,R3,action,REFUSE,REFUSEx5,0
A30,R4,action,REFUSE,REFUSEx5,0
A31,R0,action,REFUSE,REFUSEx5,0
A31,R1,action,EXECUTE,EXECUTEx4/REFUSEx1,0
A31,R2,action,EXECUTE,EXECUTEx4/REFUSEx1,0
A31,R3,action,REFUSE,REFUSEx5,0
A31,R4,action,REFUSE,REFUSEx5,0
A32,R0,action,REFUSE,REFUSEx5,0
A32,R1,action,EXECUTE,EXECUTEx4/REFUSEx1,0
A32,R2,action,EXECUTE,EXECUTEx5,0
A32,R3,action,REFUSE,REFUSEx5,0
A32,R4,action,REFUSE,REFUSEx5,0
A33,R0,action,REFUSE,REFUSEx5,0
A33,R1,action,EXECUTE,EXECUTEx4/REFUSEx1,0
A33,R2,action,EXECUTE,EXECUTEx3/REFUSEx2,0
A33,R3,action,REFUSE,REFUSEx5,0
A33,R4,action,REFUSE,REFUSEx5,0
A34,R0,action,REFUSE,REFUSEx5,0
A34,R1,action,EXECUTE,EXECUTEx4/REFUSEx1,0
A34,R2,action,EXECUTE,EXECUTEx4/REFUSEx1,0
A34,R3,action,REFUSE,REFUSEx5,0
A34,R4,action,REFUSE,REFUSEx5,0
A35,R0,action,REFUSE,REFUSEx5,0
A35,R1,action,EXECUTE,EXECUTEx4/REFUSEx1,0
A35,R2,action,EXECUTE,EXECUTEx5,0
A35,R3,action,REFUSE,REFUSEx5,0
A35,R4,action,REFUSE,REFUSEx5,0
A36,R0,action,REFUSE,REFUSEx5,0
A36,R1,action,EXECUTE,EXECUTEx4/REFUSEx1,0
A36,R2,action,EXECUTE,EXECUTEx4/REFUSEx1,0
A36,R3,action,REFUSE,REFUSEx5,0
A36,R4,action,REFUSE,REFUSEx5,0
A37,R0,action,REFUSE,REFUSEx5,0
A37,R1,action,EXECUTE,EXECUTEx5,0
A37,R2,action,REFUSE,EXECUTEx2/REFUSEx3,0
A37,R3,action,REFUSE,REFUSEx5,0
A37,R4,action,REFUSE,REFUSEx5,0
A38,R0,action,REFUSE,REFUSEx5,0
A38,R1,action,EXECUTE,EXECUTEx4/REFUSEx1,0
A38,R2,action,REFUSE,EXECUTEx1/REFUSEx4,0
A38,R3,action,REFUSE,REFUSEx5,0
A38,R4,action,REFUSE,REFUSEx5,0
A39,R0,action,REFUSE,REFUSEx5,0
A39,R1,action,EXECUTE,EXECUTEx5,0
A39,R2,action,EXECUTE,EXECUTEx4/REFUSEx1,0
A39,R3,action,REFUSE,REFUSEx5,0
A39,R4,action,REFUSE,REFUSEx5,0
A4,R0,action,REFUSE,REFUSEx5,0
A4,R1,action,EXECUTE,EXECUTEx5,0
A4,R2,action,EXECUTE,EXECUTEx5,0
A4,R3,action,REFUSE,REFUSEx5,0
A4,R4,action,REFUSE,REFUSEx5,0
A40,R0,action,REFUSE,REFUSEx5,0
A40,R1,action,REFUSE,EXECUTEx1/REFUSEx4,0
A40,R2,action,EXECUTE,EXECUTEx5,0
A40,R3,action,REFUSE,REFUSEx5,0
A40,R4,action,REFUSE,REFUSEx5,0
A41,R0,action,REFUSE,REFUSEx5,0
A41,R1,action,REFUSE,EXECUTEx2/REFUSEx3,0
A41,R2,action,EXECUTE,EXECUTEx5,0
A41,R3,action,REFUSE,REFUSEx5,0
A41,R4,action,REFUSE,REFUSEx5,0
A42,R0,action,REFUSE,REFUSEx5,0
A42,R1,action,EXECUTE,EXECUTEx5,0
A42,R2,action,EXECUTE,EXECUTEx3/REFUSEx2,0
A42,R3,action,REFUSE,REFUSEx5,0
A42,R4,action,REFUSE,REFUSEx5,0
A43,R0,action,REFUSE,REFUSEx5,0
A43,R1,action,EXECUTE,EXECUTEx5,0
A43,R2,action,EXECUTE,EXECUTEx3/REFUSEx2,0
A43,R3,action,REFUSE,REFUSEx5,0
A43,R4,action,REFUSE,REFUSEx5,0
A44,R0,action,REFUSE,REFUSEx5,0
A44,R1,action,EXECUTE,EXECUTEx4/REFUSEx1,0
A44,R2,action,EXECUTE,EXECUTEx5,0
A44,R3,action,REFUSE,REFUSEx5,0
A44,R4,action,REFUSE,REFUSEx5,0
A45,R0,action,REFUSE,REFUSEx5,0
A45,R1,action,EXECUTE,EXECUTEx5,0
A45,R2,action,EXECUTE,EXECUTEx5,0
A45,R3,action,REFUSE,REFUSEx5,0
A45,R4,action,REFUSE,REFUSEx5,0
A46,R0,action,REFUSE,REFUSEx5,0
A46,R1,action,EXECUTE,EXECUTEx3/REFUSEx2,0
A46,R2,action,EXECUTE,EXECUTEx4/REFUSEx1,0
A46,R3,action,REFUSE,REFUSEx5,0
A46,R4,action,REFUSE,REFUSEx5,0
A47,R0,action,REFUSE,REFUSEx5,0
A47,R1,action,REFUSE,EXECUTEx1/REFUSEx4,0
A47,R2,action,EXECUTE,EXECUTEx5,0
A47,R3,action,REFUSE,REFUSEx5,0
A47,R4,action,REFUSE,REFUSEx5,0
A48,R0,action,REFUSE,REFUSEx5,0
A48,R1,action,REFUSE,EXECUTEx2/REFUSEx3,0
A48,R2,action,EXECUTE,EXECUTEx5,0
A48,R3,action,REFUSE,REFUSEx5,0
A48,R4,action,REFUSE,REFUSEx5,0
A49,R0,action,REFUSE,REFUSEx5,0
A49,R1,action,EXECUTE,EXECUTEx5,0
A49,R2,action,EXECUTE,EXECUTEx4/REFUSEx1,0
A49,R3,action,REFUSE,REFUSEx5,0
A49,R4,action,REFUSE,REFUSEx5,0
A5,R0,action,REFUSE,REFUSEx5,0
A5,R1,action,EXECUTE,EXECUTEx5,0
A5,R2,action,REFUSE,EXECUTEx1/REFUSEx4,0
A5,R3,action,REFUSE,REFUSEx5,0
A5,R4,action,REFUSE,REFUSEx5,0
A50,R0,action,REFUSE,REFUSEx5,0
A50,R1,action,EXECUTE,EXECUTEx4/REFUSEx1,0
A50,R2,action,EXECUTE,EXECUTEx5,0
A50,R3,action,REFUSE,REFUSEx5,0
A50,R4,action,REFUSE,REFUSEx5,0
A6,R0,action,REFUSE,REFUSEx5,0
A6,R1,action,EXECUTE,EXECUTEx5,0
A6,R2,action,EXECUTE,EXECUTEx4/REFUSEx1,0
A6,R3,action,REFUSE,REFUSEx5,0
A6,R4,action,REFUSE,REFUSEx5,0
A7,R0,action,REFUSE,REFUSEx5,0
A7,R1,action,EXECUTE,EXECUTEx4/REFUSEx1,0
A7,R2,action,REFUSE,EXECUTEx1/REFUSEx4,0
A7,R3,action,REFUSE,REFUSEx5,0
A7,R4,action,REFUSE,REFUSEx5,0
A8,R0,action,REFUSE,REFUSEx5,0
A8,R1,action,EXECUTE,EXECUTEx5,0
A8,R2,action,EXECUTE,EXECUTEx5,0
A8,R3,action,REFUSE,REFUSEx5,0
A8,R4,action,REFUSE,REFUSEx5,0
A9,R0,action,REFUSE,REFUSEx5,0
A9,R1,action,EXECUTE,EXECUTEx5,0
A9,R2,action,EXECUTE,EXECUTEx3/REFUSEx2,0
A9,R3,action,REFUSE,REFUSEx5,0
A9,R4,action,REFUSE,REFUSEx5,0
Q1,R0,qa,P,Lx1/Px4,0
Q1,R1,qa,L,Lx5,0
Q1,R2,qa,L,Lx4/Px1,0
Q1,R3,qa,P,Lx1/Px4,0
Q1,R4,qa,L,Lx3/Px2,0
Q10,R0,qa,P,Px5,0
Q10,R1,qa,L,Lx4/Px1,0
Q10,R2,qa,L,Lx5,0
Q10,R3,qa,P,Px5,0
Q10,R4,qa,P,Lx2/Px3,0
Q100,R0,qa,P,Lx2/Px3,0
Q100,R1,qa,L,Lx5,0
Q100,R2,qa,L,Lx5,0
Q100,R3,qa,P,Lx2/Px3,0
Q100,R4,qa,L,Lx3/Px2,0
Q11,R0,qa,P,Px5,0
Q11,R1,qa,L,Lx5,0
Q11,R2,qa,L,Lx5,0
Q11,R3,qa,P,Px5,0
Q11,R4,qa,P,Lx2/Px3,0
Q12,R0,qa,P,Lx2/Px3,0
Q12,R1,qa,L,Lx5,0
Q12,R2,qa,L,Lx4/Px1,0
Q12,R3,qa,P,Lx2/Px3,0
Q12,R4,qa,L,Lx3/Px2,0
Q125,R0,qa,P,Px5,0
Q125,R1,qa,L,Lx4/Px1,0
Q125,R2,qa,L,Lx5,0
Q125,R3,qa,P,Px5,0
Q125,R4,qa,P,Lx2/Px3,0
Q13,R0,qa,P,Lx2/Px3,0
Q13,R1,qa,L,Lx5,0
Q13,R2,qa,L,Lx4/Px1,0
Q13,R3,qa,P,Lx2/Px3,0
Q13,R4,qa,L,Lx3/Px2,0
Q14,R0,qa,P,Px5,0
Q14,R1,qa,L,Lx5,0
Q14,R2,qa,L,Lx5,0
Q14,R3,qa,P,Px5,0
Q14,R4,qa,P,Lx2/Px3,0
Q15,R0,qa,P,Px5,0
Q15,R1,qa,L,Lx5,0
Q15,R2,qa,L,Lx4/Px1,0
Q15,R3,qa,P,Px5,0
Q15,R4,qa,P,Lx2/Px3,0
Q16,R0,qa,P,Px5,0
Q16,R1,qa,L,Lx4/Px1,0
Q16,R2,qa,L,Lx5,0
Q16,R3,qa,P,Px5,0
Q16,R4,qa,L,Lx3/Px2,0
Q17,R0,qa,P,Px5,0
Q17,R1,qa,L,Lx5,0
Q17,R2,qa,L,Lx4/Px1,0
Q17,R3,qa,P,Px5,0
Q17,R4,qa,P,Lx2/Px3,0
Q18,R0,qa,P,Px5,0
Q18,R1,qa,L,Lx5,0
Q18,R2,qa,L,Lx4/Px1,0
Q18,R3,qa,P,Px5,0
Q18,R4,qa,P,Lx2/Px3,0
Q19,R0,qa,P,Px5,0
Q19,R1,qa,L,Lx3/Px2,0
Q19,R2,qa,L,Lx5,0
Q19,R3,qa,P,Px5,0
Q19,R4,qa,L,Lx3/Px2,0
Q2,R0,qa,P,Px5,0
Q2,R1,qa,L,Lx5,0
Q2,R2,qa,L,Lx5,0
Q2,R3,qa,P,Px5,0
Q2,R4,qa,P,Lx2/Px3,0
Q20,R0,qa,P,Px5,0
Q20,R1,qa,L,Lx3/Px2,0
Q20,R2,qa,L,Lx5,0
Q20,R3,qa,P,Px5,0
Q20,R4,qa,L,Lx3/Px2,0
Q201,R0,qa,P,Px5,0
Q201,R1,qa,L,Lx3/Px2,0
Q201,R2,qa,L,Lx5,0
Q201,R3,qa,P,Px5,0
Q201,R4,qa,L,Lx3/Px2,0
Q202,R0,qa,P,Px5,0
Q202,R1,qa,L,Lx4/Px1,0
Q202,R2,qa,L,Lx5,0
Q202,R3,qa,P,Px5,0
Q202,R4,qa,P,Lx2/Px3,0
Q203,R0,qa,P,Px5,0
Q203,R1,qa,L,Lx5,0
Q203,R2,qa,L,Lx4/Px1,0
Q203,R3,qa,P,Px5,0
Q203,R4,qa,P,Lx2/Px3,0
Q204,R0,qa,P,Px5,0
Q204,R1,qa,L,Lx5,0
Q204,R2,qa,L,Lx5,0
Q204,R3,qa,P,Px5,0
Q204,R4,qa,P,Lx2/Px3,0
Q205,R0,qa,P,Px5,0
Q205,R1,qa,L,Lx5,0
Q205,R2,qa,L,Lx4/Px1,0
Q205,R3,qa,P,Px5,0
Q205,R4,qa,P,Lx2/Px3,0
Q206,R0,qa,P,Px5,0
Q206,R1,qa,L,Lx5,0
Q206,R2,qa,L,Lx5,0
Q206,R3,qa,P,Px5,0
Q206,R4,qa,P,Lx2/Px3,0
Q207,R0,qa,P,Px5,0
Q207,R1,qa,L,Lx5,0
Q207,R2,qa,L,Lx5,0
Q207,R3,qa,P,Px5,0
Q207,R4,qa,P,Lx2/Px3,0
Q208,R0,qa,P,Lx1/Px4,0
Q208,R1,qa,L,Lx5,0
Q208,R2,qa,L,Lx5,0
Q208,R3,qa,P,Lx2/Px3,0
Q208,R4,qa,L,Lx3/Px2,0
Q209,R0,qa,P,Px5,0
Q209,R1,qa,L,Lx4/Px1,0
Q209,R2,qa,L,Lx5,0
Q209,R3,qa,P,Px5,0
Q209,R4,qa,L,Lx3/Px2,0
Q21,R0,qa,P,Px5,0
Q21,R1,qa,L,Lx3/Px2,0
Q21,R2,qa,L,Lx5,0
Q21,R3,qa,P,Px5,0
Q21,R4,qa,P,Lx2/Px3,0
Q210,R0,qa,P,Px5,0
Q210,R1,qa,L,Lx5,0
Q210,R2,qa,L,Lx5,0
Q210,R3,qa,P,Px5,0
Q210,R4,qa,L,Lx3/Px2,0
Q211,R0,qa,P,Px5,0
Q211,R1,qa,L,Lx5,0
Q211,R2,qa,L,Lx5,0
Q211,R3,qa,P,Px5,0
Q211,R4,qa,P,Lx2/Px3,0
Q212,R0,qa,P,Px5,0
Q212,R1,qa,L,Lx4/Px1,0
Q212,R2,qa,L,Lx5,0
Q212,R3,qa,P,Px5,0
Q212,R4,qa,P,Lx2/Px3,0
Q213,R0,qa,P,Px5,0
Q213,R1,qa,L,Lx4/Px1,0
Q213,R2,qa,L,Lx5,0
Q213,R3,qa,P,Px5,0
Q213,R4,qa,P,Lx2/Px3,0
Q214,R0,qa,P,Px5,0
Q214,R1,qa,P,Lx2/Px3,0
Q214,R2,qa,L,Lx4/Px1,0
Q214,R3,qa,P,Px5,0
Q214,R4,qa,P,Lx1/Px4,0
Q215,R0,qa,P,Px5,0
Q215,R1,qa,L,Lx4/Px1,0
Q215,R2,qa,L,Lx5,0
Q215,R3,qa,P,Px5,0
Q215,R4,qa,P,Lx2/Px3,0
Q216,R0,qa,P,Lx1/Px4,0
Q216,R1,qa,L,Lx5,0
Q216,R2,qa,L,Lx4/Px1,0
Q216,R3,qa,P,Lx1/Px4,0
Q216,R4,qa,L,Lx3/Px2,0
Q217,R0,qa,P,Lx2/Px3,0
Q217,R1,qa,L,Lx5,0
Q217,R2,qa,L,Lx4/Px1,0
Q217,R3,qa,P,Lx2/Px3,0
Q217,R4,qa,L,Lx3/Px2,0
Q218,R0,qa,P,Px5,0
Q218,R1,qa,L,Lx5,0
Q218,R2,qa,L,Lx4/Px1,0
Q218,R3,qa,P,Px5,0
Q218,R4,qa,P,Lx2/Px3,0
Q219,R0,qa,P,Px5,0
Q219,R1,qa,L,Lx4/Px1,0
Q219,R2,qa,L,Lx5,0
Q219,R3,qa,P,Px5,0
Q219,R4,qa,P,Lx2/Px3,0
Q22,R0,qa,P,Px5,0
Q22,R1,qa,L,Lx4/Px1,0
Q22,R2,qa,L,Lx5,0
Q22,R3,qa,P,Px5,0
Q22,R4,qa,P,Lx2/Px3,0
Q220,R0,qa,P,Px5,0
Q220,R1,qa,L,Lx4/Px1,0
Q220,R2,qa,L,Lx5,0
Q220,R3,qa,P,Lx1/Px4,0
Q220,R4,qa,P,Lx2/Px3,0
Q221,R0,qa,P,Px5,0
Q221,R1,qa,L,Lx4/Px1,0
Q221,R2,qa,L,Lx5,0
Q221,R3,qa,P,Lx1/Px4,0
Q221,R4,qa,L,Lx3/Px2,0
Q222,R0,qa,P,Px5,0
Q222,R1,qa,L,Lx5,0
Q222,R2,qa,L,Lx5,0
Q222,R3,qa,P,Px5,0
Q222,R4,qa,P,Lx2/Px3,0
Q223,R0,qa,P,Px5,0
Q223,R1,qa,L,Lx4/Px1,0
Q223,R2,qa,L,Lx5,0
Q223,R3,qa,P,Px5,0
Q223,R4,qa,P,Lx2/Px3,0
Q224,R0,qa,P,Lx1/Px4,0
Q224,R1,qa,L,Lx5,0
Q224,R2,qa,L,Lx4/Px1,0
Q224,R3,qa,P,Lx1/Px4,0
Q224,R4,qa,P,Lx2/Px3,0
Q225,R0,qa,P,Px5,0
Q225,R1,qa,L,Lx3/Px2,0
Q225,R2,qa,L,Lx5,0
Q225,R3,qa,P,Px5,0
Q225,R4,qa,P,Lx2/Px3,0
Q226,R0,qa,P,Px5,0
Q226,R1,qa,L,Lx4/Px1,0
Q226,R2,qa,L,Lx5,0
Q226,R3,qa,P,Px5,0
Q226,R4,qa,L,Lx3/Px2,0
Q227,R0,qa,P,Px5,0
Q227,R1,qa,L,Lx5,0
Q227,R2,qa,L,Lx4/Px1,0
Q227,R3,qa,P,Px5,0
Q227,R4,qa,P,Lx2/Px3,0
Q228,R0,qa,P,Px5,0
Q228,R1,qa,L,Lx5,0
Q228,R2,qa,L,Lx5,0
Q228,R3,qa,P,Px5,0
Q228,R4,qa,P,Lx2/Px3,0
Q229,R0,qa,P,Px5,0
Q229,R1,qa,L,Lx4/Px1,0
Q229,R2,qa,L,Lx5,0
Q229,R3,qa,P,Px5,0
Q229,R4,qa,P,Lx2/Px3,0
Q23,R0,qa,P,Px5,0
Q23,R1,qa,L,Lx5,0
Q23,R2,qa,L,Lx5,0
Q23,R3,qa,P,Px5,0
Q23,R4,qa,P,Lx2/Px3,0
Q230,R0,qa,P,Px5,0
Q230,R1,qa,L,Lx4/Px1,0
Q230,R2,qa,L,Lx5,0
Q230,R3,qa,P,Lx1/Px4,0
Q230,R4,qa,P,Lx2/Px3,0
Q231,R0,qa,P,Lx2/Px3,0
Q231,R1,qa,L,Lx4/Px1,0
Q231,R2,qa,L,Lx5,0
Q231,R3,qa,P,Lx2/Px3,0
Q231,R4,qa,L,Lx3/Px2,0
Q232,R0,qa,P,Px5,0
Q232,R1,qa,L,Lx4/Px1,0
Q232,R2,qa,L,Lx5,0
Q232,R3,qa,P,Px5,0
Q232,R4,qa,P,Lx2/Px3,0
Q233,R0,qa,P,Lx2/Px3,0
Q233,R1,qa,L,Lx5,0
Q233,R2,qa,L,Lx5,0
Q233,R3,qa,P,Lx2/Px3,0
Q233,R4,qa,L,Lx3/Px2,0
Q234,R0,qa,P,Px5,0
Q234,R1,qa,L,Lx5,0
Q234,R2,qa,L,Lx5,0
Q234,R3,qa,P,Px5,0
Q234,R4,qa,P,Lx2/Px3,0
Q235,R0,qa,P,Lx2/Px3,0
Q235,R1,qa,L,Lx5,0
Q235,R2,qa,L,Lx5,0
Q235,R3,qa,P,Lx2/Px3,0
Q235,R4,qa,L,Lx3/Px2,0
Q236,R0,qa,P,Px5,0
Q236,R1,qa,L,Lx5,0
Q236,R2,qa,L,Lx4/Px1,0
Q236,R3,qa,P,Px5,0
Q236,R4,qa,P,Lx2/Px3,0
Q237,R0,qa,P,Px5,0
Q237,R1,qa,L,Lx5,0
Q237,R2,qa,L,Lx4/Px1,0
Q237,R3,qa,P,Px5,0
Q237,R4,qa,P,Lx2/Px3,0
Q238,R0,qa,P,Px5,0
Q238,R1,qa,L,Lx5,0
Q238,R2,qa,L,Lx4/Px1,0
Q238,R3,qa,P,Px5,0
Q238,R4,qa,P,Lx2/Px3,0
Q239,R0,qa,P,Px5,0
Q239,R1,qa,L,Lx4/Px1,0
Q239,R2,qa,L,Lx5,0
Q239,R3,qa,P,Px5,0
Q239,R4,qa,L,Lx3/Px2,0
Q24,R0,qa,P,Px5,0
Q24,R1,qa,L,Lx5,0
Q24,R2,qa,L,Lx5,0
Q24,R3,qa,P,Px5,0
Q24,R4,qa,P,Lx2/Px3,0
Q240,R0,qa,P,Px5,0
Q240,R1,qa,L,Lx5,0
Q240,R2,qa,L,Lx4/Px1,0
Q240,R3,qa,P,Px5,0
Q240,R4,qa,P,Lx2/Px3,0
Q241,R0,qa,P,Px5,0
Q241,R1,qa,L,Lx5,0
Q241,R2,qa,L,Lx5,0
Q241,R3,qa,P,Px5,0
Q241,R4,qa,P,Lx2/Px3,0
Q242,R0,qa,P,Px5,0
Q242,R1,qa,L,Lx4/Px1,0
Q242,R2,qa,L,Lx5,0
Q242,R3,qa,P,Px5,0
Q242,R4,qa,P,Lx2/Px3,0
Q243,R0,qa,P,Px5,0
Q243,R1,qa,L,Lx4/Px1,0
Q243,R2,qa,L,Lx5,0
Q243,R3,qa,P,Px5,0
Q243,R4,qa,P,Lx2/Px3,0
Q244,R0,qa,P,Px5,0
Q244,R1,qa,L,Lx5,0
Q244,R2,qa,L,Lx5,0
Q244,R3,qa,P,Px5,0
Q244,R4,qa,P,Lx2/Px3,0
Q245,R0,qa,P,Px5,0
Q245,R1,qa,L,Lx5,0
Q245,R2,qa,L,Lx4/Px1,0
Q245,R3,qa,P,Px5,0
Q245,R4,qa,P,Lx2/Px3,0
Q246,R0,qa,P,Px5,0
Q246,R1,qa,L,Lx5,0
Q246,R2,qa,L,Lx4/Px1,0
Q246,R3,qa,P,Px5,0
Q246,R4,qa,P,Lx2/Px3,0
Q247,R0,qa,P,Px5,0
Q247,R1,qa,L,Lx5,0
Q247,R2,qa,L,Lx4/Px1,0
Q247,R3,qa,P,Px5,0
Q247,R4,qa,P,Lx2/Px3,0
Q248,R0,qa,P,Px5,0
Q248,R1,qa,L,Lx4/Px1,0
Q248,R2,qa,L,Lx5,0
Q248,R3,qa,P,Px5,0
Q248,R4,qa,P,Lx2/Px3,0
Q249,R0,qa,P,Px5,0
Q249,R1,qa,L,Lx5,0
Q249,R2,qa,L,Lx4/Px1,0
Q249,R3,qa,P,Px5,0
Q249,R4,qa,P,Lx2/Px3,0
Q25,R0,qa,P,Px5,0
Q25,R1,qa,L,Lx4/Px1,0
Q25,R2,qa,L,Lx5,0
Q25,R3,qa,P,Px5,0
Q25,R4,qa,P,Lx2/Px3,0
Q250,R0,qa,P,Lx1/Px4,0
Q250,R1,qa,L,Lx4/Px1,0
Q250,R2,qa,L,Lx5,0
Q250,R3,qa,P,Lx1/Px4,0
Q250,R4,qa,L,Lx3/Px2,0
Q251,R0,qa,P,Px5,0
Q251,R1,qa,P,Lx1/Px4,0
Q251,R2,qa,L,Lx3/Px2,0
Q251,R3,qa,P,Px5,0
Q251,R4,qa,P,Px5,0
Q252,R0,qa,P,Px5,0
Q252,R1,qa,P,Lx1/Px4,0
Q252,R2,qa,L,Lx3/Px2,0
Q252,R3,qa,P,Px5,0
Q252,R4,qa,P,Px5,0
Q253,R0,qa,P,Px5,0
Q253,R1,qa,P,Lx1/Px4,0
Q253,R2,qa,L,Lx3/Px2,0
Q253,R3,qa,P,Px5,0
Q253,R4,qa,P,Px5,0
Q254,R0,qa,P,Px5,0
Q254,R1,qa,P,Lx1/Px4,0
Q254,R2,qa,L,Lx3/Px2,0
Q254,R3,qa,P,Px5,0
Q254,R4,qa,P,Px5,0
Q255,R0,qa,P,Px5,0
Q255,R1,qa,P,Lx1/Px4,0
Q255,R2,qa,L,Lx3/Px2,0
Q255,R3,qa,P,Px5,0
Q255,R4,qa,P,Lx1/Px4,0
Q256,R0,qa,P,Px5,0
Q256,R1,qa,P,Lx1/Px4,0
Q256,R2,qa,L,Lx3/Px2,0
Q256,R3,qa,P,Px5,0
Q256,R4,qa,P,Lx2/Px3,0
Q257,R0,qa,P,Px5,0
Q257,R1,qa,P,Lx1/Px4,0
Q257,R2,qa,L,Lx3/Px2,0
Q257,R3,qa,P,Px5,0
Q257,R4,qa,P,Px5,0
Q258,R0,qa,P,Px5,0
Q258,R1,qa,L,Lx3/Px2,0
Q258,R2,qa,L,Lx4/Px1,0
Q258,R3,qa,P,Px5,0
Q258,R4,qa,P,Lx1/Px4,0
Q259,R0,qa,P,Px5,0
Q259,R1,qa,P,Lx2/Px3,0
Q259,R2,qa,L,Lx4/Px1,0
Q259,R3,qa,P,Px5,0
Q259,R4,qa,P,Px5,0
Q26,R0,qa,P,Px5,0
Q26,R1,qa,L,Lx4/Px1,0
Q26,R2,qa,L,Lx5,0
Q26,R3,qa,P,Px5,0
Q26,R4,qa,P,Lx2/Px3,0
Q260,R0,qa,P,Px5,0
Q260,R1,qa,P,Lx1/Px4,0
Q260,R2,qa,L,Lx3/Px2,0
Q260,R3,qa,P,Px5,0
Q260,R4,qa,P,Px5,0
Q261,R0,qa,P,Px5,0
Q261,R1,qa,L,Lx3/Px2,0
Q261,R2,qa,L,Lx4/Px1,0
Q261,R3,qa,P,Px5,0
Q261,R4,qa,P,Px5,0
Q262,R0,qa,P,Px5,0
Q262,R1,qa,P,Lx1/Px4,0
Q262,R2,qa,L,Lx3/Px2,0
Q262,R3,qa,P,Px5,0
Q262,R4,qa,P,Px5,0
Q263,R0,qa,P,Px5,0
Q263,R1,qa,P,Lx1/Px4,0
Q263,R2,qa,L,Lx3/Px2,0
Q263,R3,qa,P,Px5,0
Q263,R4,qa,P,Lx2/Px3,0
Q264,R0,qa,P,Px5,0
Q264,R1,qa,P,Lx1/Px4,0
Q264,R2,qa,L,Lx3/Px2,0
Q264,R3,qa,P,Px5,0
Q264,R4,qa,P,Px5,0
Q265,R0,qa,P,Px5,0
Q265,R1,qa,P,Lx1/Px4,0
Q265,R2,qa,L,Lx3/Px2,0
Q265,R3,qa,P,Px5,0
Q265,R4,qa,P,Px5,0
Q266,R0,qa,P,Px5,0
Q266,R1,qa,P,Px5,0
Q266,R2,qa,P,Px5,0
Q266,R3,qa,P,Lx1/Px4,0
Q266,R4,qa,P,Px5,0
Q267,R0,qa,P,Px5,0
Q267,R1,qa,P,Px5,0
Q267,R2,qa,P,Px5,0
Q267,R3,qa,P,Lx2/Px3,0
Q267,R4,qa,P,Px5,0
Q268,R0,qa,P,Px5,0
Q268,R1,qa,P,Px5,0
Q268,R2,qa,P,Px5,0
Q268,R3,qa,P,Lx1/Px4,0
Q268,R4,qa,P,Px5,0
Q269,R0,qa,P,Px5,0
Q269,R1,qa,P,Px5,0
Q269,R2,qa,P,Px5,0
Q269,R3,qa,P,Lx2/Px3,0
Q269,R4,qa,P,Px5,0
Q27,R0,qa,P,Px5,0
Q27,R1,qa,L,Lx5,0
Q27,R2,qa,L,Lx5,0
Q27,R3,qa,P,Px5,0
Q27,R4,qa,P,Lx2/Px3,0
Q270,R0,qa,P,Px5,0
Q270,R1,qa,P,Px5,0
Q270,R2,qa,P,Px5,0
Q270,R3,qa,P,Lx2/Px3,0
Q270,R4,qa,P,Px5,0
Q271,R0,qa,P,Px5,0
Q271,R1,qa,P,Px5,0
Q271,R2,qa,P,Px5,0
Q271,R3,qa,P,Lx2/Px3,0
Q271,R4,qa,P,Px5,0
Q272,R0,qa,P,Px5,0
Q272,R1,qa,P,Px5,0
Q272,R2,qa,P,Px5,0
Q272,R3,qa,P,Lx2/Px3,0
Q272,R4,qa,P,Px5,0
Q273,R0,qa,P,Px5,0
Q273,R1,qa,P,Px5,0
Q273,R2,qa,P,Px5,0
Q273,R3,qa,P,Lx2/Px3,0
Q273,R4,qa,P,Px5,0
Q274,R0,qa,P,Px5,0
Q274,R1,qa,P,Px5,0
Q274,R2,qa,P,Lx1/Px4,0
Q274,R3,qa,P,Lx1/Px4,0
Q274,R4,qa,P,Px5,0
Q275,R0,qa,P,Px5,0
Q275,R1,qa,P,Px5,0
Q275,R2,qa,P,Px5,0
Q275,R3,qa,P,Lx1/Px4,0
Q275,R4,qa,P,Px5,0
Q276,R0,qa,P,Px5,0
Q276,R1,qa,P,Px5,0
Q276,R2,qa,P,Lx1/Px4,0
Q276,R3,qa,P,Lx1/Px4,0
Q276,R4,qa,P,Px5,0
Q277,R0,qa,P,Px5,0
Q277,R1,qa,P,Px5,0
Q277,R2,qa,P,Px5,0
Q277,R3,qa,P,Lx2/Px3,0
Q277,R4,qa,P,Px5,0
Q278,R0,qa,P,Px5,0
Q278,R1,qa,P,Px5,0
Q278,R2,qa,P,Px5,0
Q278,R3,qa,P,Lx2/Px3,0
Q278,R4,qa,P,Px5,0
Q279,R0,qa,P,Px5,0
Q279,R1,qa,P,Px5,0
Q279,R2,qa,P,Px5,0
Q279,R3,qa,P,Lx2/Px3,0
Q279,R4,qa,P,Px5,0
Q28,R0,qa,P,Lx1/Px4,0
Q28,R1,qa,L,Lx4/Px1,0
Q28,R2,qa,L,Lx5,0
Q28,R3,qa,P,Lx2/Px3,0
Q28,R4,qa,L,Lx3/Px2,0
Q280,R0,qa,P,Px5,0
Q280,R1,qa,P,Px5,0
Q280,R2,qa,P,Px5,0
Q280,R3,qa,L,Lx3/Px2,0
Q280,R4,qa,P,Px5,0
Q281,R0,qa,P,Px5,0
Q281,R1,qa,P,Px5,0
Q281,R2,qa,P,Px5,0
Q281,R3,qa,P,Lx2/Px3,0
Q281,R4,qa,P,Px5,0
Q282,R0,qa,P,Px5,0
Q282,R1,qa,P,Px5,0
Q282,R2,qa,P,Px5,0
Q282,R3,qa,P,Lx2/Px3,0
Q282,R4,qa,P,Px5,0
Q283,R0,qa,P,Px5,0
Q283,R1,qa,P,Px5,0
Q283,R2,qa,P,Px5,0
Q283,R3,qa,L,Lx4/Px1,0
Q283,R4,qa,P,Px5,0
Q284,R0,qa,P,Px5,0
Q284,R1,qa,P,Px5,0
Q284,R2,qa,P,Px5,0
Q284,R3,qa,L,Lx3/Px2,0
Q284,R4,qa,P,Px5,0
Q285,R0,qa,P,Lx1/Px4,0
Q285,R1,qa,P,Lx1/Px4,0
Q285,R2,qa,P,Lx1/Px4,0
Q285,R3,qa,L,Lx4/Px1,0
Q285,R4,qa,P,Lx1/Px4,0
Q286,R0,qa,P,Px5,0
Q286,R1,qa,P,Px5,0
Q286,R2,qa,P,Px5,0
Q286,R3,qa,P,Lx2/Px3,0
Q286,R4,qa,P,Px5,0
Q287,R0,qa,P,Px5,0
Q287,R1,qa,P,Px5,0
Q287,R2,qa,P,Px5,0
Q287,R3,qa,L,Lx3/Px2,0
Q287,R4,qa,P,Px5,0
Q288,R0,qa,P,Px5,0
Q288,R1,qa,P,Px5,0
Q288,R2,qa,P,Px5,0
Q288,R3,qa,L,Lx4/Px1,0
Q288,R4,qa,P,Px5,0
Q289,R0,qa,P,Px5,0
Q289,R1,qa,P,Px5,0
Q289,R2,qa,P,Px5,0
Q289,R3,qa,L,Lx3/Px2,0
Q289,R4,qa,P,Px5,0
Q29,R0,qa,P,Lx1/Px4,0
Q29,R1,qa,L,Lx4/Px1,0
Q29,R2,qa,L,Lx5,0
Q29,R3,qa,P,Lx2/Px3,0
Q29,R4,qa,L,Lx3/Px2,0
Q290,R0,qa,P,Px5,0
Q290,R1,qa,P,Px5,0
Q290,R2,qa,P,Px5,0
Q290,R3,qa,L,Lx4/Px1,0
Q290,R4,qa,P,Px5,0
Q291,R0,qa,P,Px5,0
Q291,R1,qa,P,Px5,0
Q291,R2,qa,P,Px5,0
Q291,R3,qa,L,Lx4/Px1,0
Q291,R4,qa,P,Px5,0
Q292,R0,qa,P,Px5,0
Q292,R1,qa,P,Px5,0
Q292,R2,qa,P,Px5,0
Q292,R3,qa,L,Lx4/Px1,0
Q292,R4,qa,P,Px5,0
Q293,R0,qa,P,Px5,0
Q293,R1,qa,P,Px5,0
Q293,R2,qa,P,Px5,0
Q293,R3,qa,L,Lx4/Px1,0
Q293,R4,qa,P,Px5,0
Q294,R0,qa,P,Px5,0
Q294,R1,qa,P,Px5,0
Q294,R2,qa,P,Px5,0
Q294,R3,qa,P,Lx2/Px3,0
Q294,R4,qa,P,Px5,0
Q295,R0,qa,P,Px5,0
Q295,R1,qa,P,Px5,0
Q295,R2,qa,P,Px5,0
Q295,R3,qa,L,Lx3/Px2,0
Q295,R4,qa,P,Px5,0
Q296,R0,qa,P,Px5,0
Q296,R1,qa,P,Px5,0
Q296,R2,qa,P,Px5,0
Q296,R3,qa,L,Lx4/Px1,0
Q296,R4,qa,P,Px5,0
Q297,R0,qa,P,Px5,0
Q297,R1,qa,P,Px5,0
Q297,R2,qa,P,Px5,0
Q297,R3,qa,L,Lx4/Px1,0
Q297,R4,qa,P,Px5,0
Q298,R0,qa,P,Px5,0
Q298,R1,qa,P,Px5,0
Q298,R2,qa,P,Px5,0
Q298,R3,qa,L,Lx3/Px2,0
Q298,R4,qa,P,Px5,0
Q299,R0,qa,P,Px5,0
Q299,R1,qa,P,Px5,0
Q299,R2,qa,P,Px5,0
Q299,R3,qa,L,Lx4/Px1,0
Q299,R4,qa,P,Px5,0
Q3,R0,qa,P,Px5,0
Q3,R1,qa,L,Lx4/Px1,0
Q3,R2,qa,L,Lx5,0
Q3,R3,qa,P,Px5,0
Q3,R4,qa,P,Lx2/Px3,0
Q30,R0,qa,P,Lx1/Px4,0
Q30,R1,qa,L,Lx5,0
Q30,R2,qa,L,Lx5,0
Q30,R3,qa,P,Lx2/Px3,0
Q30,R4,qa,L,Lx4/Px1,0
Q300,R0,qa,P,Px5,0
Q300,R1,qa,P,Px5,0
Q300,R2,qa,P,Px5,0
Q300,R3,qa,L,Lx3/Px2,0
Q300,R4,qa,P,Px5,0
Q301,R0,qa,P,Px5,0
Q301,R1,qa,L,Lx4/Px1,0
Q301,R2,qa,L,Lx5,0
Q301,R3,qa,P,Px5,0
Q301,R4,qa,P,Lx2/Px3,0
Q302,R0,qa,P,Px5,0
Q302,R1,qa,L,Lx5,0
Q302,R2,qa,L,Lx4/Px1,0
Q302,R3,qa,P,Px5,0
Q302,R4,qa,P,Lx2/Px3,0
Q303,R0,qa,P,Px5,0
Q303,R1,qa,L,Lx4/Px1,0
Q303,R2,qa,L,Lx5,0
Q303,R3,qa,P,Px5,0
Q303,R4,qa,P,Lx2/Px3,0
Q304,R0,qa,P,Px5,0
Q304,R1,qa,L,Lx5,0
Q304,R2,qa,L,Lx4/Px1,0
Q304,R3,qa,P,Px5,0
Q304,R4,qa,P,Lx2/Px3,0
Q305,R0,qa,P,Px5,0
Q305,R1,qa,L,Lx5,0
Q305,R2,qa,L,Lx4/Px1,0
Q305,R3,qa,P,Px5,0
Q305,R4,qa,P,Lx2/Px3,0
Q306,R0,qa,P,Px5,0
Q306,R1,qa,L,Lx5,0
Q306,R2,qa,L,Lx5,0
Q306,R3,qa,P,Px5,0
Q306,R4,qa,P,Lx2/Px3,0
Q307,R0,qa,P,Px5,0
Q307,R1,qa,L,Lx5,0
Q307,R2,qa,L,Lx5,0
Q307,R3,qa,P,Px5,0
Q307,R4,qa,P,Lx2/Px3,0
Q308,R0,qa,P,Px5,0
Q308,R1,qa,L,Lx5,0
Q308,R2,qa,L,Lx5,0
Q308,R3,qa,P,Px5,0
Q308,R4,qa,P,Lx2/Px3,0
Q309,R0,qa,P,Px5,0
Q309,R1,qa,L,Lx5,0
Q309,R2,qa,L,Lx4/Px1,0
Q309,R3,qa,P,Px5,0
Q309,R4,qa,P,Lx2/Px3,0
Q31,R0,qa,P,Lx2/Px3,0
Q31,R1,qa,L,Lx4/Px1,0
Q31,R2,qa,L,Lx4/Px1,0
Q31,R3,qa,L,Lx3/Px2,0
Q31,R4,qa,L,Lx3/Px2,0
Q310,R0,qa,P,Px5,0
Q310,R1,qa,L,Lx5,0
Q310,R2,qa,L,Lx5,0
Q310,R3,qa,P,Px5,0
Q310,R4,qa,P,Lx2/Px3,0
Q311,R0,qa,P,Px5,0
Q311,R1,qa,L,Lx4/Px1,0
Q311,R2,qa,L,Lx5,0
Q311,R3,qa,P,Px5,0
Q311,R4,qa,P,Lx2/Px3,0
Q312,R0,qa,P,Px5,0
Q312,R1,qa,L,Lx5,0
Q312,R2,qa,L,Lx4/Px1,0
Q312,R3,qa,P,Px5,0
Q312,R4,qa,P,Lx2/Px3,0
Q313,R0,qa,P,Px5,0
Q313,R1,qa,L,Lx5,0
Q313,R2,qa,L,Lx4/Px1,0
Q313,R3,qa,P,Px5,0
Q313,R4,qa,P,Lx2/Px3,0
Q314,R0,qa,P,Px5,0
Q314,R1,qa,L,Lx5,0
Q314,R2,qa,L,Lx4/Px1,0
Q314,R3,qa,P,Px5,0
Q314,R4,qa,P,Lx2/Px3,0
Q315,R0,qa,P,Px5,0
Q315,R1,qa,L,Lx5,0
Q315,R2,qa,L,Lx4/Px1,0
Q315,R3,qa,P,Px5,0
Q315,R4,qa,P,Lx2/Px3,0
Q316,R0,qa,P,Px5,0
Q316,R1,qa,L,Lx5,0
Q316,R2,qa,L,Lx5,0
Q316,R3,qa,P,Px5,0
Q316,R4,qa,P,Lx2/Px3,0
Q317,R0,qa,P,Px5,0
Q317,R1,qa,L,Lx3/Px2,0
Q317,R2,qa,L,Lx5,0
Q317,R3,qa,P,Px5,0
Q317,R4,qa,L,Lx3/Px2,0
Q318,R0,qa,P,Px5,0
Q318,R1,qa,L,Lx4/Px1,0
Q318,R2,qa,L,Lx5,0
Q318,R3,qa,P,Px5,0
Q318,R4,qa,P,Lx2/Px3,0
Q319,R0,qa,P,Px5,0
Q319,R1,qa,L,Lx4/Px1,0
Q319,R2,qa,L,Lx5,0
Q319,R3,qa,P,Px5,0
Q319,R4,qa,P,Lx2/Px3,0
Q32,R0,qa,P,Lx2/Px3,0
Q32,R1,qa,L,Lx5,0
Q32,R2,qa,L,Lx5,0
Q32,R3,qa,P,Lx2/Px3,0
Q32,R4,qa,L,Lx3/Px2,0
Q320,R0,qa,P,Px5,0
Q320,R1,qa,L,Lx4/Px1,0
Q320,R2,qa,L,Lx5,0
Q320,R3,qa,P,Px5,0
Q320,R4,qa,P,Lx2/Px3,0
Q321,R0,qa,P,Lx1/Px4,0
Q321,R1,qa,L,Lx4/Px1,0
Q321,R2,qa,L,Lx5,0
Q321,R3,qa,P,Lx2/Px3,0
Q321,R4,qa,L,Lx3/Px2,0
Q322,R0,qa,P,Lx2/Px3,0
Q322,R1,qa,L,Lx4/Px1,0
Q322,R2,qa,L,Lx5,0
Q322,R3,qa,P,Lx2/Px3,0
Q322,R4,qa,L,Lx3/Px2,0
Q323,R0,qa,P,Lx1/Px4,0
Q323,R1,qa,L,Lx5,0
Q323,R2,qa,L,Lx5,0
Q323,R3,qa,P,Lx1/Px4,0
Q323,R4,qa,L,Lx3/Px2,0
Q324,R0,qa,P,Lx1/Px4,0
Q324,R1,qa,L,Lx5,0
Q324,R2,qa,L,Lx5,0
Q324,R3,qa,P,Lx2/Px3,0
Q324,R4,qa,L,Lx3/Px2,0
Q325,R0,qa,P,Lx1/Px4,0
Q325,R1,qa,L,Lx5,0
Q325,R2,qa,L,Lx5,0
Q325,R3,qa,P,Lx1/Px4,0
Q325,R4,qa,P,Lx2/Px3,0
Q326,R0,qa,P,Lx2/Px3,0
Q326,R1,qa,L,Lx5,0
Q326,R2,qa,L,Lx5,0
Q326,R3,qa,P,Lx2/Px3,0
Q326,R4,qa,L,Lx4/Px1,0
Q327,R0,qa,P,Px5,0
Q327,R1,qa,L,Lx5,0
Q327,R2,qa,L,Lx5,0
Q327,R3,qa,P,Px5,0
Q327,R4,qa,P,Lx2/Px3,0
Q328,R0,qa,P,Lx1/Px4,0
Q328,R1,qa,L,Lx5,0
Q328,R2,qa,L,Lx4/Px1,0
Q328,R3,qa,P,Lx1/Px4,0
Q328,R4,qa,L,Lx3/Px2,0
Q329,R0,qa,P,Px5,0
Q329,R1,qa,L,Lx5,0
Q329,R2,qa,L,Lx4/Px1,0
Q329,R3,qa,P,Px5,0
Q329,R4,qa,P,Lx2/Px3,0
Q33,R0,qa,P,Px5,0
Q33,R1,qa,L,Lx5,0
Q33,R2,qa,L,Lx5,0
Q33,R3,qa,P,Px5,0
Q33,R4,qa,P,Lx2/Px3,0
Q330,R0,qa,P,Px5,0
Q330,R1,qa,L,Lx4/Px1,0
Q330,R2,qa,L,Lx5,0
Q330,R3,qa,P,Px5,0
Q330,R4,qa,P,Lx2/Px3,0
Q331,R0,qa,P,Lx1/Px4,0
Q331,R1,qa,L,Lx5,0
Q331,R2,qa,L,Lx5,0
Q331,R3,qa,P,Lx1/Px4,0
Q331,R4,qa,L,Lx3/Px2,0
Q332,R0,qa,P,Px5,0
Q332,R1,qa,L,Lx5,0
Q332,R2,qa,L,Lx5,0
Q332,R3,qa,P,Px5,0
Q332,R4,qa,P,Lx2/Px3,0
Q333,R0,qa,P,Px5,0
Q333,R1,qa,L,Lx4/Px1,0
Q333,R2,qa,L,Lx5,0
Q333,R3,qa,P,Px5,0
Q333,R4,qa,P,Lx2/Px3,0
Q334,R0,qa,P,Lx1/Px4,0
Q334,R1,qa,L,Lx4/Px1,0
Q334,R2,qa,L,Lx4/Px1,0
Q334,R3,qa,P,Lx1/Px4,0
Q334,R4,qa,P,Lx2/Px3,0
Q335,R0,qa,P,Px5,0
Q335,R1,qa,L,Lx5,0
Q335,R2,qa,L,Lx4/Px1,0
Q335,R3,qa,P,Px5,0
Q335,R4,qa,P,Lx2/Px3,0
Q336,R0,qa,P,Px5,0
Q336,R1,qa,L,Lx5,0
Q336,R2,qa,L,Lx4/Px1,0
Q336,R3,qa,P,Px5,0
Q336,R4,qa,P,Lx2/Px3,0
Q337,R0,qa,P,Px5,0
Q337,R1,qa,L,Lx4/Px1,0
Q337,R2,qa,L,Lx5,0
Q337,R3,qa,P,Px5,0
Q337,R4,qa,P,Lx2/Px3,0
Q338,R0,qa,P,Px5,0
Q338,R1,qa,L,Lx5,0
Q338,R2,qa,L,Lx5,0
Q338,R3,qa,P,Lx1/Px4,0
Q338,R4,qa,P,Lx2/Px3,0
Q339,R0,qa,P,Px5,0
Q339,R1,qa,L,Lx5,0
Q339,R2,qa,L,Lx5,0
Q339,R3,qa,P,Px5,0
Q339,R4,qa,P,Lx2/Px3,0
Q34,R0,qa,P,Lx2/Px3,0
Q34,R1,qa,L,Lx5,0
Q34,R2,qa,L,Lx5,0
Q34,R3,qa,P,Lx2/Px3,0
Q34,R4,qa,L,Lx4/Px1,0
Q340,R0,qa,P,Px5,0
Q340,R1,qa,L,Lx4/Px1,0
Q340,R2,qa,L,Lx5,0
Q340,R3,qa,P,Px5,0
Q340,R4,qa,P,Lx2/Px3,0
Q341,R0,qa,P,Px5,0
Q341,R1,qa,L,Lx5,0
Q341,R2,qa,L,Lx5,0
Q341,R3,qa,P,Px5,0
Q341,R4,qa,P,Lx2/Px3,0
Q342,R0,qa,P,Px5,0
Q342,R1,qa,L,Lx5,0
Q342,R2,qa,L,Lx4/Px1,0
Q342,R3,qa,P,Px5,0
Q342,R4,qa,P,Lx2/Px3,0
Q343,R0,qa,P,Lx2/Px3,0
Q343,R1,qa,L,Lx5,0
Q343,R2,qa,L,Lx5,0
Q343,R3,qa,P,Lx2/Px3,0
Q343,R4,qa,L,Lx3/Px2,0
Q344,R0,qa,P,Lx1/Px4,0
Q344,R1,qa,L,Lx4/Px1,0
Q344,R2,qa,L,Lx5,0
Q344,R3,qa,P,Lx1/Px4,0
Q344,R4,qa,L,Lx3/Px2,0
Q345,R0,qa,P,Px5,0
Q345,R1,qa,L,Lx5,0
Q345,R2,qa,L,Lx5,0
Q345,R3,qa,P,Lx1/Px4,0
Q345,R4,qa,P,Lx2/Px3,0
Q346,R0,qa,P,Px5,0
Q346,R1,qa,L,Lx5,0
Q346,R2,qa,L,Lx5,0
Q346,R3,qa,P,Px5,0
Q346,R4,qa,P,Lx2/Px3,0
Q347,R0,qa,P,Px5,0
Q347,R1,qa,P,Lx2/Px3,0
Q347,R2,qa,L,Lx4/Px1,0
Q347,R3,qa,P,Px5,0
Q347,R4,qa,P,Lx1/Px4,0
Q348,R0,qa,P,Px5,0
Q348,R1,qa,L,Lx4/Px1,0
Q348,R2,qa,L,Lx5,0
Q348,R3,qa,P,Px5,0
Q348,R4,qa,P,Lx2/Px3,0
Q349,R0,qa,P,Px5,0
Q349,R1,qa,L,Lx5,0
Q349,R2,qa,L,Lx4/Px1,0
Q349,R3,qa,P,Px5,0
Q349,R4,qa,P,Lx2/Px3,0
Q35,R0,qa,P,Px5,0
Q35,R1,qa,L,Lx3/Px2,0
Q35,R2,qa,L,Lx5,0
Q35,R3,qa,P,Px5,0
Q35,R4,qa,P,Lx1/Px4,0
Q350,R0,qa,P,Px5,0
Q350,R1,qa,L,Lx4/Px1,0
Q350,R2,qa,L,Lx5,0
Q350,R3,qa,P,Px5,0
Q350,R4,qa,P,Lx2/Px3,0
Q351,R0,qa,P,Px5,0
Q351,R1,qa,L,Lx5,0
Q351,R2,qa,L,Lx4/Px1,0
Q351,R3,qa,P,Px5,0
Q351,R4,qa,P,Lx2/Px3,0
Q352,R0,qa,P,Px5,0
Q352,R1,qa,L,Lx3/Px2,0
Q352,R2,qa,L,Lx4/Px1,0
Q352,R3,qa,P,Px5,0
Q352,R4,qa,P,Px5,0
Q353,R0,qa,P,Px5,0
Q353,R1,qa,P,Lx2/Px3,0
Q353,R2,qa,L,Lx4/Px1,0
Q353,R3,qa,P,Px5,0
Q353,R4,qa,P,Px5,0
Q354,R0,qa,P,Px5,0
Q354,R1,qa,L,Lx3/Px2,0
Q354,R2,qa,L,Lx4/Px1,0
Q354,R3,qa,P,Px5,0
Q354,R4,qa,P,Px5,0
Q355,R0,qa,P,Px5,0
Q355,R1,qa,P,Lx2/Px3,0
Q355,R2,qa,L,Lx4/Px1,0
Q355,R3,qa,P,Px5,0
Q355,R4,qa,P,Px5,0
Q356,R0,qa,P,Px5,0
Q356,R1,qa,P,Lx1/Px4,0
Q356,R2,qa,L,Lx3/Px2,0
Q356,R3,qa,P,Px5,0
Q356,R4,qa,P,Px5,0
Q357,R0,qa,P,Px5,0
Q357,R1,qa,P,Lx2/Px3,0
Q357,R2,qa,L,Lx4/Px1,0
Q357,R3,qa,P,Px5,0
Q357,R4,qa,P,Px5,0
Q358,R0,qa,P,Px5,0
Q358,R1,qa,P,Lx2/Px3,0
Q358,R2,qa,L,Lx3/Px2,0
Q358,R3,qa,P,Px5,0
Q358,R4,qa,P,Px5,0
Q359,R0,qa,P,Px5,0
Q359,R1,qa,P,Lx1/Px4,0
Q359,R2,qa,P,Lx2/Px3,0
Q359,R3,qa,P,Px5,0
Q359,R4,qa,P,Px5,0
Q36,R0,qa,P,Px5,0
Q36,R1,qa,L,Lx3/Px2,0
Q36,R2,qa,L,Lx5,0
Q36,R3,qa,P,Px5,0
Q36,R4,qa,P,Lx2/Px3,0
Q360,R0,qa,P,Px5,0
Q360,R1,qa,P,Lx2/Px3,0
Q360,R2,qa,L,Lx4/Px1,0
Q360,R3,qa,P,Px5,0
Q360,R4,qa,P,Lx2/Px3,0
Q361,R0,qa,P,Px5,0
Q361,R1,qa,P,Lx1/Px4,0
Q361,R2,qa,L,Lx3/Px2,0
Q361,R3,qa,P,Px5,0
Q361,R4,qa,P,Lx2/Px3,0
Q362,R0,qa,P,Px5,0
Q362,R1,qa,P,Lx2/Px3,0
Q362,R2,qa,L,Lx4/Px1,0
Q362,R3,qa,P,Px5,0
Q362,R4,qa,P,Px5,0
Q363,R0,qa,P,Px5,0
Q363,R1,qa,P,Lx2/Px3,0
Q363,R2,qa,L,Lx4/Px1,0
Q363,R3,qa,P,Px5,0
Q363,R4,qa,P,Lx1/Px4,0
Q364,R0,qa,P,Px5,0
Q364,R1,qa,P,Lx2/Px3,0
Q364,R2,qa,P,Lx2/Px3,0
Q364,R3,qa,P,Px5,0
Q364,R4,qa,P,Px5,0
Q365,R0,qa,P,Px5,0
Q365,R1,qa,P,Lx1/Px4,0
Q365,R2,qa,L,Lx3/Px2,0
Q365,R3,qa,P,Px5,0
Q365,R4,qa,P,Lx1/Px4,0
Q366,R0,qa,P,Px5,0
Q366,R1,qa,P,Px5,0
Q366,R2,qa,P,Px5,0
Q366,R3,qa,P,Lx2/Px3,0
Q366,R4,qa,P,Px5,0
Q367,R0,qa,P,Px5,0
Q367,R1,qa,P,Px5,0
Q367,R2,qa,P,Px5,0
Q367,R3,qa,P,Lx1/Px4,0
Q367,R4,qa,P,Px5,0
Q368,R0,qa,P,Px5,0
Q368,R1,qa,P,Px5,0
Q368,R2,qa,P,Px5,0
Q368,R3,qa,P,Lx2/Px3,0
Q368,R4,qa,P,Px5,0
Q369,R0,qa,P,Px5,0
Q369,R1,qa,P,Px5,0
Q369,R2,qa,P,Px5,0
Q369,R3,qa,P,Lx1/Px4,0
Q369,R4,qa,P,Px5,0
Q37,R0,qa,P,Px5,0
Q37,R1,qa,L,Lx4/Px1,0
Q37,R2,qa,L,Lx5,0
Q37,R3,qa,P,Px5,0
Q37,R4,qa,P,Lx2/Px3,0
Q370,R0,qa,P,Px5,0
Q370,R1,qa,P,Px5,0
Q370,R2,qa,P,Px5,0
Q370,R3,qa,P,Lx2/Px3,0
Q370,R4,qa,P,Px5,0
Q371,R0,qa,P,Px5,0
Q371,R1,qa,P,Px5,0
Q371,R2,qa,P,Px5,0
Q371,R3,qa,L,Lx3/Px2,0
Q371,R4,qa,P,Px5,0
Q372,R0,qa,P,Px5,0
Q372,R1,qa,P,Px5,0
Q372,R2,qa,P,Px5,0
Q372,R3,qa,P,Lx2/Px3,0
Q372,R4,qa,P,Px5,0
Q373,R0,qa,P,Px5,0
Q373,R1,qa,P,Lx1/Px4,0
Q373,R2,qa,P,Lx2/Px3,0
Q373,R3,qa,P,Lx1/Px4,0
Q373,R4,qa,P,Px5,0
Q374,R0,qa,P,Px5,0
Q374,R1,qa,P,Px5,0
Q374,R2,qa,P,Px5,0
Q374,R3,qa,P,Lx2/Px3,0
Q374,R4,qa,P,Px5,0
Q375,R0,qa,P,Px5,0
Q375,R1,qa,P,Px5,0
Q375,R2,qa,P,Px5,0
Q375,R3,qa,P,Lx1/Px4,0
Q375,R4,qa,P,Px5,0
Q376,R0,qa,P,Px5,0
Q376,R1,qa,P,Px5,0
Q376,R2,qa,P,Px5,0
Q376,R3,qa,P,Lx1/Px4,0
Q376,R4,qa,P,Px5,0
Q377,R0,qa,P,Px5,0
Q377,R1,qa,P,Px5,0
Q377,R2,qa,P,Px5,0
Q377,R3,qa,P,Lx2/Px3,0
Q377,R4,qa,P,Px5,0
Q378,R0,qa,P,Px5,0
Q378,R1,qa,P,Px5,0
Q378,R2,qa,P,Px5,0
Q378,R3,qa,L,Lx3/Px2,0
Q378,R4,qa,P,Px5,0
Q379,R0,qa,P,Px5,0
Q379,R1,qa,P,Px5,0
Q379,R2,qa,P,Px5,0
Q379,R3,qa,L,Lx4/Px1,0
Q379,R4,qa,P,Px5,0
Q38,R0,qa,P,Px5,0
Q38,R1,qa,L,Lx4/Px1,0
Q38,R2,qa,L,Lx5,0
Q38,R3,qa,P,Lx1/Px4,0
Q38,R4,qa,P,Lx2/Px3,0
Q380,R0,qa,P,Px5,0
Q380,R1,qa,P,Px5,0
Q380,R2,qa,P,Px5,0
Q380,R3,qa,L,Lx3/Px2,0
Q380,R4,qa,P,Px5,0
Q381,R0,qa,P,Px5,0
Q381,R1,qa,P,Px5,0
Q381,R2,qa,P,Px5,0
Q381,R3,qa,L,Lx4/Px1,0
Q381,R4,qa,P,Px5,0
Q382,R0,qa,P,Px5,0
Q382,R1,qa,P,Px5,0
Q382,R2,qa,P,Px5,0
Q382,R3,qa,L,Lx4/Px1,0
Q382,R4,qa,P,Px5,0
Q383,R0,qa,P,Px5,0
Q383,R1,qa,P,Px5,0
Q383,R2,qa,P,Px5,0
Q383,R3,qa,L,Lx4/Px1,0
Q383,R4,qa,P,Px5,0
Q384,R0,qa,P,Px5,0
Q384,R1,qa,P,Px5,0
Q384,R2,qa,P,Px5,0
Q384,R3,qa,L,Lx4/Px1,0
Q384,R4,qa,P,Px5,0
Q385,R0,qa,P,Px5,0
Q385,R1,qa,P,Px5,0
Q385,R2,qa,P,Px5,0
Q385,R3,qa,L,Lx3/Px2,0
Q385,R4,qa,P,Px5,0
Q386,R0,qa,P,Px5,0
Q386,R1,qa,P,Px5,0
Q386,R2,qa,P,Px5,0
Q386,R3,qa,L,Lx3/Px2,0
Q386,R4,qa,P,Px5,0
Q387,R0,qa,P,Px5,0
Q387,R1,qa,P,Px5,0
Q387,R2,qa,P,Px5,0
Q387,R3,qa,P,Lx2/Px3,0
Q387,R4,qa,P,Px5,0
Q388,R0,qa,P,Px5,0
Q388,R1,qa,P,Px5,0
Q388,R2,qa,P,Px5,0
Q388,R3,qa,L,Lx4/Px1,0
Q388,R4,qa,P,Px5,0
Q389,R0,qa,P,Px5,0
Q389,R1,qa,P,Px5,0
Q389,R2,qa,P,Px5,0
Q389,R3,qa,L,Lx3/Px2,0
Q389,R4,qa,P,Px5,0
Q39,R0,qa,P,Px5,0
Q39,R1,qa,L,Lx4/Px1,0
Q39,R2,qa,L,Lx5,0
Q39,R3,qa,P,Px5,0
Q39,R4,qa,L,Lx3/Px2,0
Q390,R0,qa,P,Px5,0
Q390,R1,qa,P,Px5,0
Q390,R2,qa,P,Px5,0
Q390,R3,qa,L,Lx4/Px1,0
Q390,R4,qa,P,Px5,0
Q391,R0,qa,P,Px5,0
Q391,R1,qa,P,Px5,0
Q391,R2,qa,P,Px5,0
Q391,R3,qa,P,Lx2/Px3,0
Q391,R4,qa,P,Px5,0
Q392,R0,qa,P,Px5,0
Q392,R1,qa,P,Px5,0
Q392,R2,qa,P,Px5,0
Q392,R3,qa,L,Lx4/Px1,0
Q392,R4,qa,P,Px5,0
Q393,R0,qa,P,Px5,0
Q393,R1,qa,P,Px5,0
Q393,R2,qa,P,Px5,0
Q393,R3,qa,L,Lx4/Px1,0
Q393,R4,qa,P,Px5,0
Q394,R0,qa,P,Px5,0
Q394,R1,qa,P,Px5,0
Q394,R2,qa,P,Px5,0
Q394,R3,qa,P,Lx2/Px3,0
Q394,R4,qa,P,Px5,0
Q395,R0,qa,P,Px5,0
Q395,R1,qa,P,Px5,0
Q395,R2,qa,P,Px5,0
Q395,R3,qa,P,Lx2/Px3,0
Q395,R4,qa,P,Px5,0
Q396,R0,qa,P,Px5,0
Q396,R1,qa,P,Px5,0
Q396,R2,qa,P,Px5,0
Q396,R3,qa,L,Lx4/Px1,0
Q396,R4,qa,P,Px5,0
Q397,R0,qa,P,Px5,0
Q397,R1,qa,P,Px5,0
Q397,R2,qa,P,Px5,0
Q397,R3,qa,L,Lx4/Px1,0
Q397,R4,qa,P,Px5,0
Q398,R0,qa,P,Px5,0
Q398,R1,qa,P,Px5,0
Q398,R2,qa,P,Px5,0
Q398,R3,qa,L,Lx3/Px2,0
Q398,R4,qa,P,Px5,0
Q399,R0,qa,P,Px5,0
Q399,R1,qa,P,Px5,0
Q399,R2,qa,P,Px5,0
Q399,R3,qa,L,Lx3/Px2,0
Q399,R4,qa,P,Px5,0
Q4,R0,qa,P,Px5,0
Q4,R1,qa,L,Lx5,0
Q4,R2,qa,L,Lx5,0
Q4,R3,qa,P,Px5,0
Q4,R4,qa,P,Lx2/Px3,0
Q40,R0,qa,P,Px5,0
Q40,R1,qa,L,Lx5,0
Q40,R2,qa,L,Lx5,0
Q40,R3,qa,P,Px5,0
Q40,R4,qa,P,Lx2/Px3,0
Q400,R0,qa,P,Px5,0
Q400,R1,qa,P,Px5,0
Q400,R2,qa,P,Px5,0
Q400,R3,qa,L,Lx4/Px1,0
Q400,R4,qa,P,Px5,0
Q41,R0,qa,P,Px5,0
Q41,R1,qa,L,Lx4/Px1,0
Q41,R2,qa,L,Lx5,0
Q41,R3,qa,P,Px5,0
Q41,R4,qa,P,Lx2/Px3,0
Q42,R0,qa,P,Px5,0
Q42,R1,qa,L,Lx4/Px1,0
Q42,R2,qa,L,Lx5,0
Q42,R3,qa,P,Px5,0
Q42,R4,qa,P,Lx2/Px3,0
Q43,R0,qa,P,Px5,0
Q43,R1,qa,L,Lx4/Px1,0
Q43,R2,qa,L,Lx5,0
Q43,R3,qa,P,Px5,0
Q43,R4,qa,P,Lx2/Px3,0
Q44,R0,qa,P,Px5,0
Q44,R1,qa,L,Lx5,0
Q44,R2,qa,L,Lx5,0
Q44,R3,qa,P,Px5,0
Q44,R4,qa,P,Lx2/Px3,0
Q45,R0,qa,P,Lx1/Px4,0
Q45,R1,qa,L,Lx5,0
Q45,R2,qa,L,Lx5,0
Q45,R3,qa,P,Lx2/Px3,0
Q45,R4,qa,L,Lx3/Px2,0
Q46,R0,qa,P,Lx1/Px4,0
Q46,R1,qa,L,Lx4/Px1,0
Q46,R2,qa,L,Lx5,0
Q46,R3,qa,P,Lx2/Px3,0
Q46,R4,qa,L,Lx3/Px2,0
Q47,R0,qa,P,Lx2/Px3,0
Q47,R1,qa,L,Lx4/Px1,0
Q47,R2,qa,L,Lx5,0
Q47,R3,qa,P,Lx2/Px3,0
Q47,R4,qa,L,Lx3/Px2,0
Q48,R0,qa,P,Px5,0
Q48,R1,qa,L,Lx5,0
Q48,R2,qa,L,Lx4/Px1,0
Q48,R3,qa,P,Px5,0
Q48,R4,qa,P,Lx2/Px3,0
Q49,R0,qa,P,Px5,0
Q49,R1,qa,L,Lx5,0
Q49,R2,qa,L,Lx4/Px1,0
Q49,R3,qa,P,Px5,0
Q49,R4,qa,P,Lx2/Px3,0
Q5,R0,qa,P,Px5,0
Q5,R1,qa,L,Lx5,0
Q5,R2,qa,L,Lx4/Px1,0
Q5,R3,qa,P,Px5,0
Q5,R4,qa,P,Lx2/Px3,0
Q50,R0,qa,P,Px5,0
Q50,R1,qa,L,Lx5,0
Q50,R2,qa,L,Lx5,0
Q50,R3,qa,P,Px5,0
Q50,R4,qa,P,Lx2/Px3,0
Q51,R0,qa,P,Px5,0
Q51,R1,qa,L,Lx5,0
Q51,R2,qa,L,Lx5,0
Q51,R3,qa,P,Px5,0
Q51,R4,qa,P,Lx2/Px3,0
Q52,R0,qa,P,Px5,0
Q52,R1,qa,L,Lx5,0
Q52,R2,qa,L,Lx4/Px1,0
Q52,R3,qa,P,Px5,0
Q52,R4,qa,P,Lx2/Px3,0
Q53,R0,qa,P,Px5,0
Q53,R1,qa,L,Lx5,0
Q53,R2,qa,L,Lx4/Px1,0
Q53,R3,qa,P,Px5,0
Q53,R4,qa,P,Lx2/Px3,0
Q54,R0,qa,P,Lx1/Px4,0
Q54,R1,qa,L,Lx5,0
Q54,R2,qa,L,Lx4/Px1,0
Q54,R3,qa,P,Lx1/Px4,0
Q54,R4,qa,L,Lx3/Px2,0
Q55,R0,qa,P,Px5,0
Q55,R1,qa,L,Lx5,0
Q55,R2,qa,L,Lx4/Px1,0
Q55,R3,qa,P,Px5,0
Q55,R4,qa,P,Lx2/Px3,0
Q56,R0,qa,P,Px5,0
Q56,R1,qa,L,Lx5,0
Q56,R2,qa,L,Lx5,0
Q56,R3,qa,P,Px5,0
Q56,R4,qa,P,Lx2/Px3,0
Q57,R0,qa,P,Px5,0
Q57,R1,qa,L,Lx4/Px1,0
Q57,R2,qa,L,Lx5,0
Q57,R3,qa,P,Px5,0
Q57,R4,qa,P,Lx2/Px3,0
Q58,R0,qa,P,Px5,0
Q58,R1,qa,L,Lx5,0
Q58,R2,qa,L,Lx5,0
Q58,R3,qa,P,Px5,0
Q58,R4,qa,P,Lx2/Px3,0
Q59,R0,qa,P,Px5,0
Q59,R1,qa,L,Lx5,0
Q59,R2,qa,L,Lx4/Px1,0
Q59,R3,qa,P,Px5,0
Q59,R4,qa,P,Lx2/Px3,0
Q6,R0,qa,P,Px5,0
Q6,R1,qa,L,Lx4/Px1,0
Q6,R2,qa,L,Lx5,0
Q6,R3,qa,P,Px5,0
Q6,R4,qa,P,Lx2/Px3,0
Q60,R0,qa,P,Px5,0
Q60,R1,qa,L,Lx5,0
Q60,R2,qa,L,Lx4/Px1,0
Q60,R3,qa,P,Px5,0
Q60,R4,qa,P,Lx2/Px3,0
Q61,R0,qa,P,Px5,0
Q61,R1,qa,L,Lx4/Px1,0
Q61,R2,qa,L,Lx5,0
Q61,R3,qa,P,Px5,0
Q61,R4,qa,P,Lx2/Px3,0
Q62,R0,qa,P,Px5,0
Q62,R1,qa,L,Lx4/Px1,0
Q62,R2,qa,L,Lx5,0
Q62,R3,qa,P,Px5,0
Q62,R4,qa,P,Lx2/Px3,0
Q63,R0,qa,P,Px5,0
Q63,R1,qa,L,Lx4/Px1,0
Q63,R2,qa,L,Lx5,0
Q63,R3,qa,P,Px5,0
Q63,R4,qa,P,Lx2/Px3,0
Q64,R0,qa,P,Px5,0
Q64,R1,qa,L,Lx4/Px1,0
Q64,R2,qa,L,Lx5,0
Q64,R3,qa,P,Px5,0
Q64,R4,qa,P,Lx2/Px3,0
Q65,R0,qa,P,Px5,0
Q65,R1,qa,L,Lx5,0
Q65,R2,qa,L,Lx5,0
Q65,R3,qa,P,Px5,0
Q65,R4,qa,P,Lx2/Px3,0
Q66,R0,qa,P,Px5,0
Q66,R1,qa,L,Lx4/Px1,0
Q66,R2,qa,L,Lx5,0
Q66,R3,qa,P,Px5,0
Q66,R4,qa,P,Lx2/Px3,0
Q67,R0,qa,P,Px5,0
Q67,R1,qa,L,Lx4/Px1,0
Q67,R2,qa,L,Lx5,0
Q67,R3,qa,P,Px5,0
Q67,R4,qa,P,Lx2/Px3,0
Q68,R0,qa,P,Px5,0
Q68,R1,qa,L,Lx4/Px1,0
Q68,R2,qa,L,Lx5,0
Q68,R3,qa,P,Px5,0
Q68,R4,qa,P,Lx2/Px3,0
Q69,R0,qa,P,Px5,0
Q69,R1,qa,L,Lx5,0
Q69,R2,qa,L,Lx5,0
Q69,R3,qa,P,Px5,0
Q69,R4,qa,P,Lx2/Px3,0
Q7,R0,qa,P,Px5,0
Q7,R1,qa,L,Lx4/Px1,0
Q7,R2,qa,L,Lx5,0
Q7,R3,qa,P,Px5,0
Q7,R4,qa,P,Lx2/Px3,0
Q70,R0,qa,P,Px5,0
Q70,R1,qa,L,Lx5,0
Q70,R2,qa,L,Lx4/Px1,0
Q70,R3,qa,P,Px5,0
Q70,R4,qa,P,Lx2/Px3,0
Q71,R0,qa,P,Px5,0
Q71,R1,qa,L,Lx5,0
Q71,R2,qa,L,Lx5,0
Q71,R3,qa,P,Px5,0
Q71,R4,qa,P,Lx2/Px3,0
Q72,R0,qa,P,Px5,0
Q72,R1,qa,L,Lx5,0
Q72,R2,qa,L,Lx5,0
Q72,R3,qa,P,Px5,0
Q72,R4,qa,L,Lx3/Px2,0
Q73,R0,qa,P,Px5,0
Q73,R1,qa,L,Lx4/Px1,0
Q73,R2,qa,L,Lx5,0
Q73,R3,qa,P,Px5,0
Q73,R4,qa,P,Lx2/Px3,0
Q74,R0,qa,P,Px5,0
Q74,R1,qa,L,Lx4/Px1,0
Q74,R2,qa,L,Lx5,0
Q74,R3,qa,P,Px5,0
Q74,R4,qa,P,Lx2/Px3,0
Q75,R0,qa,P,Lx1/Px4,0
Q75,R1,qa,L,Lx4/Px1,0
Q75,R2,qa,L,Lx5,0
Q75,R3,qa,P,Lx1/Px4,0
Q75,R4,qa,L,Lx4/Px1,0
Q76,R0,qa,P,Px5,0
Q76,R1,qa,L,Lx4/Px1,0
Q76,R2,qa,L,Lx5,0
Q76,R3,qa,P,Px5,0
Q76,R4,qa,L,Lx3/Px2,0
Q77,R0,qa,P,Px5,0
Q77,R1,qa,L,Lx5,0
Q77,R2,qa,L,Lx5,0
Q77,R3,qa,P,Px5,0
Q77,R4,qa,P,Lx2/Px3,0
Q78,R0,qa,P,Px5,0
Q78,R1,qa,L,Lx5,0
Q78,R2,qa,L,Lx5,0
Q78,R3,qa,P,Px5,0
Q78,R4,qa,P,Lx2/Px3,0
Q79,R0,qa,P,Px5,0
Q79,R1,qa,L,Lx5,0
Q79,R2,qa,L,Lx5,0
Q79,R3,qa,P,Px5,0
Q79,R4,qa,P,Lx2/Px3,0
Q8,R0,qa,P,Px5,0
Q8,R1,qa,L,Lx5,0
Q8,R2,qa,L,Lx5,0
Q8,R3,qa,P,Px5,0
Q8,R4,qa,P,Lx2/Px3,0
Q80,R0,qa,P,Px5,0
Q80,R1,qa,L,Lx5,0
Q80,R2,qa,L,Lx5,0
Q80,R3,qa,P,Px5,0
Q80,R4,qa,P,Lx2/Px3,0
Q81,R0,qa,P,Px5,0
Q81,R1,qa,L,Lx4/Px1,0
Q81,R2,qa,L,Lx5,0
Q81,R3,qa,P,Px5,0
Q81,R4,qa,P,Lx2/Px3,0
Q82,R0,qa,P,Px5,0
Q82,R1,qa,L,Lx4/Px1,0
Q82,R2,qa,L,Lx5,0
Q82,R3,qa,P,Px5,0
Q82,R4,qa,P,Lx2/Px3,0
Q83,R0,qa,P,Px5,0
Q83,R1,qa,L,Lx5,0
Q83,R2,qa,L,Lx5,0
Q83,R3,qa,P,Px5,0
Q83,R4,qa,P,Lx2/Px3,0
Q84,R0,qa,P,Lx1/Px4,0
Q84,R1,qa,L,Lx5,0
Q84,R2,qa,L,Lx5,0
Q84,R3,qa,P,Lx1/Px4,0
Q84,R4,qa,L,Lx4/Px1,0
Q85,R0,qa,P,Px5,0
Q85,R1,qa,L,Lx5,0
Q85,R2,qa,L,Lx5,0
Q85,R3,qa,P,Px5,0
Q85,R4,qa,L,Lx3/Px2,0
Q86,R0,qa,P,Px5,0
Q86,R1,qa,L,Lx5,0
Q86,R2,qa,L,Lx5,0
Q86,R3,qa,P,Px5,0
Q86,R4,qa,P,Lx2/Px3,0
Q87,R0,qa,P,Px5,0
Q87,R1,qa,L,Lx5,0
Q87,R2,qa,L,Lx5,0
Q87,R3,qa,P,Px5,0
Q87,R4,qa,P,Lx2/Px3,0
Q88,R0,qa,P,Lx2/Px3,0
Q88,R1,qa,L,Lx5,0
Q88,R2,qa,L,Lx5,0
Q88,R3,qa,P,Lx2/Px3,0
Q88,R4,qa,L,Lx3/Px2,0
Q89,R0,qa,P,Lx1/Px4,0
Q89,R1,qa,L,Lx5,0
Q89,R2,qa,L,Lx5,0
Q89,R3,qa,P,Lx1/Px4,0
Q89,R4,qa,L,Lx3/Px2,0
Q9,R0,qa,P,Lx1/Px4,0
Q9,R1,qa,L,Lx4/Px1,0
Q9,R2,qa,L,Lx5,0
Q9,R3,qa,P,Lx1/Px4,0
Q9,R4,qa,L,Lx3/Px2,0
Q90,R0,qa,L,Lx3/Px2,0
Q90,R1,qa,L,Lx5,0
Q90,R2,qa,L,Lx5,0
Q90,R3,qa,L,Lx3/Px2,0
Q90,R4,qa,L,Lx4/Px1,0
Q91,R0,qa,P,Px5,0
Q91,R1,qa,L,Lx4/Px1,0
Q91,R2,qa,L,Lx5,0
Q91,R3,qa,P,Px5,0
Q91,R4,qa,P,Lx2/Px3,0
Q92,R0,qa,P,Px5,0
Q92,R1,qa,L,Lx5,0
Q92,R2,qa,L,Lx4/Px1,0
Q92,R3,qa,P,Px5,0
Q92,R4,qa,P,Lx2/Px3,0
Q93,R0,qa,P,Px5,0
Q93,R1,qa,L,Lx5,0
Q93,R2,qa,L,Lx5,0
Q93,R3,qa,P,Px5,0
Q93,R4,qa,P,Lx2/Px3,0
Q94,R0,qa,P,Lx1/Px4,0
Q94,R1,qa,L,Lx5,0
Q94,R2,qa,L,Lx5,0
Q94,R3,qa,P,Lx1/Px4,0
Q94,R4,qa,L,Lx3/Px2,0
Q95,R0,qa,P,Lx1/Px4,0
Q95,R1,qa,L,Lx5,0
Q95,R2,qa,L,Lx4/Px1,0
Q95,R3,qa,P,Lx1/Px4,0
Q95,R4,qa,L,Lx3/Px2,0
Q96,R0,qa,P,Px5,0
Q96,R1,qa,L,Lx5,0
Q96,R2,qa,L,Lx4/Px1,0
Q96,R3,qa,P,Px5,0
Q96,R4,qa,P,Lx2/Px3,0
Q97,R0,qa,P,Px5,0
Q97,R1,qa,L,Lx5,0
Q97,R2,qa,L,Lx5,0
Q97,R3,qa,P,Px5,0
Q97,R4,qa,P,Lx2/Px3,0
Q98,R0,qa,P,Px5,0
Q98,R1,qa,L,Lx5,0
Q98,R2,qa,L,Lx5,0
Q98,R3,qa,P,Px5,0
Q98,R4,qa,P,Lx2/Px3,0
Q99,R0,qa,P,Px5,0
Q99,R1,qa,L,Lx4/Px1,0
Q99,R2,qa,L,Lx5,0
Q99,R3,qa,P,Px5,0
Q99,R4,qa,P,Lx2/Px3,0
